,F1 macro average,F1 weighted average,GS Best Params,accuracy,precision macro average,precision weighted average,recall macro average,recall weighted average,classifier
0,0.5549993582338596,0.5402815214135969,"{'vect__stemming': True, 'tfidf__use_idf': False, 'clf__alpha': 0.4, 'vect__ngram_range': (1, 2), 'clf__fit_prior': False, 'vect__stop_words': 'english'}",0.5555555555555556,0.6092436974789915,0.6658496732026143,0.6172096908939014,0.5555555555555556,MNB
0,0.6432606941081517,0.6428504170029594,"{'vect__stemming': True, 'tfidf__use_idf': False, 'clf__loss': 'hinge', 'vect__ngram_range': (1, 2), 'vect__stop_words': 'english', 'clf__C': 1}",0.6388888888888888,0.6604733291165928,0.6889967232412678,0.6663324979114452,0.6388888888888888,LSVC
0,0.3756246677299309,0.30317317916002134,"{'vect__ngram_range': (1, 1), 'vect__stemming': True, 'tfidf__use_idf': False, 'clf__criterion': 'gini', 'vect__stop_words': 'english'}",0.3888888888888889,0.4146825396825397,0.3983134920634921,0.49685324422166527,0.3888888888888889,RFC
0,0.6003730590844928,0.5967916078510451,"{'vect__stemming': True, 'tfidf__use_idf': False, 'clf__solver': 'newton-cg', 'vect__ngram_range': (1, 2), 'vect__stop_words': 'english', 'clf__C': 4}",0.5972222222222222,0.6072963518240879,0.6366941529235383,0.6297410192147034,0.5972222222222222,LRC
0,0.6795918367346939,0.6840419501133788,"{'vect__ngram_range': (1, 1), 'vect__stemming': True, 'vect__stop_words': 'english', 'tfidf__use_idf': False, 'clf__alpha': 0.01}",0.6805555555555556,0.6930718954248366,0.7255446623093681,0.7029239766081871,0.6805555555555556,SGDC
