,F1 macro average,F1 weighted average,GS Best Params,accuracy,precision macro average,precision weighted average,recall macro average,recall weighted average,classifier
0,0.8021147853080626,0.8058779067182429,"{'tfidf__use_idf': False, 'vect__stop_words': 'english', 'vect__stemming': True, 'clf__loss': 'hinge', 'clf__C': 1, 'vect__ngram_range': (1, 2)}",0.8055555555555556,0.8024242424242424,0.8066666666666666,0.8022533022533023,0.8055555555555556,LSVC
0,0.7278599953018557,0.7300133114086603,"{'tfidf__use_idf': False, 'clf__criterion': 'gini', 'vect__stop_words': 'english', 'vect__stemming': True, 'vect__ngram_range': (1, 1)}",0.7222222222222222,0.7780112044817926,0.7890756302521008,0.7291181041181042,0.7222222222222222,RFC
0,0.7783024557340665,0.782267191746675,"{'tfidf__use_idf': False, 'vect__stop_words': 'english', 'vect__stemming': True, 'clf__solver': 'liblinear', 'clf__C': 6, 'vect__ngram_range': (1, 2)}",0.7777777777777778,0.7887423687423687,0.7970350020350021,0.7778749028749029,0.7777777777777778,LRC
0,0.8063757417860762,0.8103651034882038,"{'tfidf__use_idf': False, 'clf__alpha': 0.01, 'vect__stop_words': 'english', 'vect__stemming': True, 'vect__ngram_range': (1, 2)}",0.8055555555555556,0.8174358974358974,0.825982905982906,0.8058469308469309,0.8055555555555556,SGDC
0,0.7540588814979059,0.7596760285784676,"{'tfidf__use_idf': False, 'vect__stop_words': 'english', 'vect__stemming': True, 'clf__alpha': 0.4, 'clf__fit_prior': True, 'vect__ngram_range': (1, 2)}",0.7638888888888888,0.7563268804194393,0.7593516838072192,0.7557303807303807,0.7638888888888888,MNB
