,F1 macro average,F1 weighted average,GS Best Params,accuracy,precision macro average,precision weighted average,recall macro average,recall weighted average,classifier
0,0.7090886669133063,0.7107123771940643,"{'tfidf__use_idf': False, 'vect__stop_words': 'english', 'vect__stemming': True, 'clf__loss': 'hinge', 'clf__C': 1, 'vect__ngram_range': (1, 1)}",0.7083333333333334,0.720967741935484,0.7199372759856631,0.703907203907204,0.7083333333333334,LSVC
0,0.7223187864062549,0.7209642920183992,"{'tfidf__use_idf': False, 'clf__criterion': 'entropy', 'vect__stop_words': 'english', 'vect__stemming': True, 'vect__ngram_range': (1, 1)}",0.7222222222222222,0.7498667945439045,0.766035716822961,0.7374847374847375,0.7222222222222222,RFC
0,0.7280060172217034,0.724281996749317,"{'tfidf__use_idf': False, 'vect__stop_words': 'english', 'vect__stemming': True, 'clf__solver': 'liblinear', 'clf__C': 6, 'vect__ngram_range': (1, 2)}",0.7222222222222222,0.7383547008547008,0.7309740028490028,0.7224257224257223,0.7222222222222222,LRC
0,0.7222222222222222,0.7237654320987654,"{'tfidf__use_idf': False, 'clf__alpha': 0.01, 'vect__stop_words': 'english', 'vect__stemming': True, 'vect__ngram_range': (1, 1)}",0.7222222222222222,0.7242572242572242,0.7268009768009768,0.7215099715099716,0.7222222222222222,SGDC
0,0.6872407621211843,0.6947931492986197,"{'tfidf__use_idf': False, 'vect__stop_words': 'english', 'vect__stemming': True, 'clf__alpha': 1, 'clf__fit_prior': False, 'vect__ngram_range': (1, 2)}",0.6944444444444444,0.6909401709401709,0.7098005698005697,0.7006512006512007,0.6944444444444444,MNB
