,F1 macro average,F1 weighted average,GS Best Params,accuracy,precision macro average,precision weighted average,recall macro average,recall weighted average,classifier
0,0.7060703654906554,0.7080913807966946,"{'vect__stemming': True, 'tfidf__use_idf': False, 'clf__alpha': 0.4, 'vect__ngram_range': (1, 1), 'clf__fit_prior': False, 'vect__stop_words': 'english'}",0.7083333333333334,0.7130952380952381,0.7204365079365079,0.7115384615384616,0.7083333333333334,MNB
0,0.6925925925925925,0.6947530864197531,"{'vect__stemming': True, 'tfidf__use_idf': False, 'clf__loss': 'squared_hinge', 'vect__ngram_range': (1, 2), 'vect__stop_words': 'english', 'clf__C': 1}",0.6944444444444444,0.7146542827657378,0.7171912624699002,0.6910256410256409,0.6944444444444444,LSVC
0,0.5954415954415954,0.5980531813865146,"{'vect__ngram_range': (1, 1), 'vect__stemming': True, 'tfidf__use_idf': False, 'clf__criterion': 'gini', 'vect__stop_words': 'english'}",0.5972222222222222,0.6150670794633643,0.618077055383557,0.5935897435897436,0.5972222222222222,RFC
0,0.6770715495478221,0.6808625997294391,"{'vect__stemming': True, 'tfidf__use_idf': False, 'clf__solver': 'liblinear', 'vect__ngram_range': (1, 2), 'vect__stop_words': 'english', 'clf__C': 8}",0.6805555555555556,0.7029239766081871,0.7059454191033138,0.6743589743589743,0.6805555555555556,LRC
0,0.6666666666666666,0.6666666666666666,"{'vect__ngram_range': (1, 1), 'vect__stemming': True, 'vect__stop_words': 'english', 'tfidf__use_idf': False, 'clf__alpha': 0.01}",0.6666666666666666,0.6873065015479877,0.6875644994840041,0.6653846153846154,0.6666666666666666,SGDC
