,precision macro average,precision weighted average,recall macro average,recall weighted average,accuracy,F1 macro average,F1 weighted average,GS Best Params,classifier
0,0.599551414768806,0.6228145847711065,0.6104166666666667,0.5972222222222222,0.5972222222222222,0.5932557280118256,0.5974100763734911,"{'clf__alpha': 0.4, 'clf__fit_prior': False, 'tfidf__use_idf': False, 'vect__ngram_range': (1, 2), 'vect__stemming': True, 'vect__stop_words': None}",MNB
0,0.7298458212436708,0.7372371091009084,0.7166666666666667,0.7222222222222222,0.7222222222222222,0.7107892802511074,0.7193085271933832,"{'clf__C': 1, 'clf__loss': 'squared_hinge', 'tfidf__use_idf': False, 'vect__ngram_range': (1, 2), 'vect__stemming': True, 'vect__stop_words': 'english'}",LSVC
0,0.6621743753322701,0.6780746057061847,0.6604166666666667,0.6805555555555556,0.6805555555555556,0.6611111111111111,0.6791310541310541,"{'clf__alpha': 0.01, 'tfidf__use_idf': True, 'vect__ngram_range': (1, 1), 'vect__stemming': True, 'vect__stop_words': None}",SGDC
0,0.6622916091001197,0.6882733106137361,0.5770833333333334,0.5277777777777778,0.5277777777777778,0.5343256358426743,0.5150388050626938,"{'clf__criterion': 'entropy', 'tfidf__use_idf': False, 'vect__ngram_range': (1, 1), 'vect__stemming': True, 'vect__stop_words': 'english'}",RFC
0,0.7013305322128852,0.7118930905695611,0.6875,0.7083333333333334,0.7083333333333334,0.6859774212715388,0.7029609823727471,"{'clf__C': 8, 'clf__solver': 'liblinear', 'tfidf__use_idf': False, 'vect__ngram_range': (1, 2), 'vect__stemming': True, 'vect__stop_words': 'english'}",LRC
