,precision macro average,precision weighted average,recall macro average,recall weighted average,accuracy,F1 macro average,F1 weighted average,GS Best Params,classifier
0,0.7380952380952381,0.7450396825396824,0.7409611992945325,0.7361111111111112,0.7361111111111112,0.7336601307189542,0.7350898692810457,"{'clf__alpha': 0.4, 'clf__fit_prior': True, 'tfidf__use_idf': False, 'vect__ngram_range': (1, 1), 'vect__stemming': True, 'vect__stop_words': 'english'}",MNB
0,0.7654320987654321,0.7669753086419752,0.757716049382716,0.7638888888888888,0.7638888888888888,0.7592871906597397,0.7633232780291606,"{'clf__C': 1, 'clf__loss': 'hinge', 'tfidf__use_idf': False, 'vect__ngram_range': (1, 2), 'vect__stemming': True, 'vect__stop_words': 'english'}",LSVC
0,0.7669565652021793,0.7677156745139201,0.7612433862433862,0.7638888888888888,0.7638888888888888,0.7625169564681219,0.7642858243926501,"{'clf__alpha': 0.01, 'tfidf__use_idf': False, 'vect__ngram_range': (1, 1), 'vect__stemming': True, 'vect__stop_words': 'english'}",SGDC
0,0.6765271765271765,0.6781806156806156,0.6538800705467372,0.6527777777777778,0.6527777777777778,0.6549707602339181,0.6549707602339181,"{'clf__criterion': 'entropy', 'tfidf__use_idf': True, 'vect__ngram_range': (1, 1), 'vect__stemming': True, 'vect__stop_words': 'english'}",RFC
0,0.7400087834870442,0.7441260430390866,0.7385361552028219,0.7361111111111112,0.7361111111111112,0.7366894664842681,0.7373483812129502,"{'clf__C': 10, 'clf__solver': 'saga', 'tfidf__use_idf': True, 'vect__ngram_range': (1, 2), 'vect__stemming': True, 'vect__stop_words': None}",LRC
