,precision macro average,precision weighted average,recall macro average,recall weighted average,accuracy,F1 macro average,F1 weighted average,GS Best Params,classifier
0,0.667498829770635,0.6742796588131275,0.6639096276777435,0.6666666666666666,0.6666666666666666,0.6571278825995808,0.6624170160726764,"{'clf__alpha': 0.1, 'clf__fit_prior': False, 'tfidf__use_idf': False, 'vect__ngram_range': (1, 1), 'vect__stemming': True, 'vect__stop_words': 'english'}",MNB
0,0.6467818279412483,0.6525307422046552,0.647440589469575,0.6527777777777778,0.6527777777777778,0.6469135802469137,0.6524691358024692,"{'clf__C': 1, 'clf__loss': 'hinge', 'tfidf__use_idf': True, 'vect__ngram_range': (1, 1), 'vect__stemming': True, 'vect__stop_words': None}",LSVC
0,0.6044110275689224,0.6108688387635756,0.6019860440150295,0.6111111111111112,0.6111111111111112,0.6018415865976842,0.6097163197010759,"{'clf__alpha': 0.0001, 'tfidf__use_idf': False, 'vect__ngram_range': (1, 1), 'vect__stemming': True, 'vect__stop_words': 'english'}",SGDC
0,0.6515151515151515,0.6556186868686869,0.5743668569755527,0.5694444444444444,0.5694444444444444,0.5615220749875792,0.5617801326246107,"{'clf__criterion': 'gini', 'tfidf__use_idf': False, 'vect__ngram_range': (1, 1), 'vect__stemming': True, 'vect__stop_words': 'english'}",RFC
0,0.6542346542346542,0.6650641025641026,0.6467818279412483,0.6527777777777778,0.6527777777777778,0.6488837959426195,0.6572128851540616,"{'clf__C': 8, 'clf__solver': 'newton-cg', 'tfidf__use_idf': False, 'vect__ngram_range': (1, 1), 'vect__stemming': True, 'vect__stop_words': 'english'}",LRC
