,F1 macro average,F1 weighted average,GS Best Params,accuracy,precision macro average,precision weighted average,recall macro average,recall weighted average,classifier
0,0.6867132867132867,0.6727855477855478,"{'vect__stemming': True, 'tfidf__use_idf': False, 'clf__alpha': 0.4, 'vect__ngram_range': (1, 1), 'clf__fit_prior': False, 'vect__stop_words': 'english'}",0.6805555555555556,0.6837587699656665,0.6852732994974375,0.7101211837520154,0.6805555555555556,MNB
0,0.7398148148148148,0.7347993827160493,"{'vect__stemming': True, 'tfidf__use_idf': False, 'clf__loss': 'hinge', 'vect__ngram_range': (1, 1), 'vect__stop_words': 'english', 'clf__C': 1}",0.7361111111111112,0.739748932448423,0.7388593061343486,0.7453320850886774,0.7361111111111112,LSVC
0,0.6798967219008402,0.6848650739179223,"{'vect__ngram_range': (1, 1), 'vect__stemming': True, 'tfidf__use_idf': False, 'clf__criterion': 'gini', 'vect__stop_words': 'english'}",0.6805555555555556,0.6914381914381914,0.6979216770883439,0.6763405627502991,0.6805555555555556,RFC
0,0.7190085870413739,0.7232663283892793,"{'vect__stemming': True, 'tfidf__use_idf': False, 'clf__solver': 'liblinear', 'vect__ngram_range': (1, 1), 'vect__stop_words': 'english', 'clf__C': 4}",0.7222222222222222,0.7241161616161617,0.7297716750841752,0.7189369116346803,0.7222222222222222,LRC
0,0.7115384615384616,0.7088675213675214,"{'vect__ngram_range': (1, 2), 'vect__stemming': True, 'vect__stop_words': 'english', 'tfidf__use_idf': False, 'clf__alpha': 0.01}",0.7083333333333334,0.711038961038961,0.7190205627705628,0.7236698392885005,0.7083333333333334,SGDC
