,precision macro average,precision weighted average,recall macro average,recall weighted average,accuracy,F1 macro average,F1 weighted average,GS Best Params,classifier
0,0.6443419704289269,0.6521251158932319,0.6488095238095238,0.6388888888888888,0.6388888888888888,0.6393075885920202,0.6387049834837831,"{'clf__alpha': 0.2, 'clf__fit_prior': False, 'tfidf__use_idf': False, 'vect__ngram_range': (1, 1), 'vect__stemming': True, 'vect__stop_words': None}",MNB
0,0.7045454545454545,0.7083333333333334,0.7083333333333334,0.7083333333333334,0.7083333333333334,0.7054865424430643,0.7074706694271912,"{'clf__C': 1, 'clf__loss': 'squared_hinge', 'tfidf__use_idf': False, 'vect__ngram_range': (1, 2), 'vect__stemming': True, 'vect__stop_words': 'english'}",LSVC
0,0.6632171387073348,0.671961994674413,0.6694444444444444,0.6666666666666666,0.6666666666666666,0.6558121432278153,0.6596537507928271,"{'clf__alpha': 0.0001, 'tfidf__use_idf': False, 'vect__ngram_range': (1, 2), 'vect__stemming': True, 'vect__stop_words': 'english'}",SGDC
0,0.5962919441180311,0.5995125560342951,0.5924603174603175,0.5694444444444444,0.5694444444444444,0.5580378701232686,0.5440843817511755,"{'clf__criterion': 'gini', 'tfidf__use_idf': True, 'vect__ngram_range': (1, 1), 'vect__stemming': True, 'vect__stop_words': None}",RFC
0,0.6535024154589372,0.6566223832528181,0.6607142857142857,0.6527777777777778,0.6527777777777778,0.6545884901366629,0.6521535865389685,"{'clf__C': 2, 'clf__solver': 'liblinear', 'tfidf__use_idf': False, 'vect__ngram_range': (1, 2), 'vect__stemming': True, 'vect__stop_words': 'english'}",LRC
