,F1 macro average,F1 weighted average,GS Best Params,accuracy,precision macro average,precision weighted average,recall macro average,recall weighted average,classifier
0,0.7792179018500055,0.790138842731066,"{'tfidf__use_idf': False, 'vect__stop_words': 'english', 'vect__stemming': True, 'clf__loss': 'squared_hinge', 'clf__C': 1, 'vect__ngram_range': (1, 2)}",0.7916666666666666,0.7841880341880342,0.7902421652421654,0.7762452107279693,0.7916666666666666,LSVC
0,0.678029873321989,0.6760611646814143,"{'tfidf__use_idf': False, 'clf__criterion': 'gini', 'vect__stop_words': 'english', 'vect__stemming': True, 'vect__ngram_range': (1, 1)}",0.6805555555555556,0.736231884057971,0.7632850241545894,0.7001787994891443,0.6805555555555556,RFC
0,0.7675664430228325,0.7768979386626444,"{'tfidf__use_idf': False, 'vect__stop_words': 'english', 'vect__stemming': True, 'clf__solver': 'newton-cg', 'clf__C': 4, 'vect__ngram_range': (1, 1)}",0.7777777777777778,0.7727756492124307,0.7780349794238683,0.7647509578544062,0.7777777777777778,LRC
0,0.7548465713969202,0.7628688010043942,"{'tfidf__use_idf': False, 'clf__alpha': 0.01, 'vect__stop_words': 'english', 'vect__stemming': True, 'vect__ngram_range': (1, 1)}",0.7638888888888888,0.7602564102564102,0.7634615384615384,0.7514176245210727,0.7638888888888888,SGDC
0,0.6679137615025604,0.6792289426777268,"{'tfidf__use_idf': False, 'vect__stop_words': 'english', 'vect__stemming': True, 'clf__alpha': 1, 'clf__fit_prior': False, 'vect__ngram_range': (1, 1)}",0.6805555555555556,0.6682539682539682,0.6831349206349207,0.6732567049808429,0.6805555555555556,MNB
