,F1 macro average,F1 weighted average,GS Best Params,accuracy,precision macro average,precision weighted average,recall macro average,recall weighted average,classifier
0,0.6962055933484504,0.6922360796170319,"{'tfidf__use_idf': False, 'vect__stop_words': 'english', 'vect__stemming': True, 'clf__loss': 'hinge', 'clf__C': 1, 'vect__ngram_range': (1, 2)}",0.6944444444444444,0.7084457771114443,0.7190446443444944,0.7113250733940388,0.6944444444444444,LSVC
0,0.6111111111111112,0.6002492877492878,"{'tfidf__use_idf': False, 'clf__criterion': 'entropy', 'vect__stop_words': 'english', 'vect__stemming': True, 'vect__ngram_range': (1, 1)}",0.6111111111111112,0.7290552584670231,0.7503713606654784,0.6445240583171618,0.6111111111111112,RFC
0,0.7231443688586546,0.7203426555807508,"{'tfidf__use_idf': False, 'vect__stop_words': 'english', 'vect__stemming': True, 'clf__solver': 'liblinear', 'clf__C': 4, 'vect__ngram_range': (1, 2)}",0.7222222222222222,0.7366066966516741,0.7492410044977511,0.738692342140618,0.7222222222222222,LRC
0,0.667785336356765,0.6697442680776015,"{'tfidf__use_idf': False, 'clf__alpha': 0.01, 'vect__stop_words': 'english', 'vect__stemming': True, 'vect__ngram_range': (1, 1)}",0.6666666666666666,0.6802967563837129,0.694868587531631,0.6759217793700553,0.6666666666666666,SGDC
0,0.666746079742946,0.6639999653840436,"{'tfidf__use_idf': False, 'vect__stop_words': 'english', 'vect__stemming': True, 'clf__alpha': 1, 'clf__fit_prior': False, 'vect__ngram_range': (1, 1)}",0.6666666666666666,0.6636363636363636,0.6662373737373737,0.6744787779270537,0.6666666666666666,MNB
