,F1 macro average,F1 weighted average,GS Best Params,accuracy,precision macro average,precision weighted average,recall macro average,recall weighted average,classifier
0,0.6663878280899557,0.6752182214948174,"{'vect__stemming': True, 'tfidf__use_idf': False, 'clf__alpha': 1, 'vect__ngram_range': (1, 2), 'clf__fit_prior': True, 'vect__stop_words': 'english'}",0.6666666666666666,0.6972158365261812,0.7240229885057471,0.6790123456790123,0.6666666666666666,MNB
0,0.6810561103874174,0.693271457519178,"{'vect__stemming': True, 'tfidf__use_idf': False, 'clf__loss': 'hinge', 'vect__ngram_range': (1, 2), 'vect__stop_words': 'english', 'clf__C': 1}",0.6805555555555556,0.7131313131313132,0.7439393939393939,0.691358024691358,0.6805555555555556,LSVC
0,0.5718388613546829,0.5736465878764773,"{'vect__ngram_range': (1, 1), 'vect__stemming': True, 'tfidf__use_idf': False, 'clf__criterion': 'gini', 'vect__stop_words': 'english'}",0.5694444444444444,0.6894752534287418,0.7262410554561717,0.611111111111111,0.5694444444444444,RFC
0,0.6826382727003845,0.6914374445430346,"{'vect__stemming': True, 'tfidf__use_idf': False, 'clf__solver': 'saga', 'vect__ngram_range': (1, 2), 'vect__stop_words': 'english', 'clf__C': 6}",0.6805555555555556,0.7195040386890982,0.7489581725574934,0.6975308641975309,0.6805555555555556,LRC
0,0.6556613756613757,0.6661904761904762,"{'vect__ngram_range': (1, 2), 'vect__stemming': True, 'vect__stop_words': 'english', 'tfidf__use_idf': False, 'clf__alpha': 0.01}",0.6527777777777778,0.6972365071944314,0.7279394576905095,0.6666666666666666,0.6527777777777778,SGDC
