,F1 macro average,F1 weighted average,GS Best Params,accuracy,precision macro average,precision weighted average,recall macro average,recall weighted average,classifier
0,0.7196100881556143,0.724865639331544,"{'tfidf__use_idf': False, 'vect__stop_words': 'english', 'vect__stemming': True, 'clf__loss': 'hinge', 'clf__C': 1, 'vect__ngram_range': (1, 1)}",0.7222222222222222,0.7357539868058801,0.7413640849825983,0.7174603174603175,0.7222222222222222,LSVC
0,0.5789037920185461,0.5800629243252194,"{'tfidf__use_idf': False, 'clf__criterion': 'gini', 'vect__stop_words': 'english', 'vect__stemming': True, 'vect__ngram_range': (1, 1)}",0.5694444444444444,0.668970189701897,0.6889566395663956,0.5900793650793651,0.5694444444444444,RFC
0,0.7213011386817998,0.7268832758428841,"{'tfidf__use_idf': False, 'vect__stop_words': 'english', 'vect__stemming': True, 'clf__solver': 'saga', 'clf__C': 10, 'vect__ngram_range': (1, 1)}",0.7222222222222222,0.7340693688243598,0.7418918464744235,0.7194444444444444,0.7222222222222222,LRC
0,0.689905924230867,0.6944147809136366,"{'tfidf__use_idf': False, 'clf__alpha': 0.01, 'vect__stop_words': 'english', 'vect__stemming': True, 'vect__ngram_range': (1, 1)}",0.6944444444444444,0.7309981684981685,0.7371413308913309,0.6924603174603176,0.6944444444444444,SGDC
0,0.6876110152705898,0.6923157199752945,"{'tfidf__use_idf': False, 'vect__stop_words': 'english', 'vect__stemming': True, 'clf__alpha': 0.4, 'clf__fit_prior': True, 'vect__ngram_range': (1, 1)}",0.6944444444444444,0.69634484228474,0.6953236004546747,0.684126984126984,0.6944444444444444,MNB
