,F1 macro average,F1 weighted average,GS Best Params,accuracy,precision macro average,precision weighted average,recall macro average,recall weighted average,classifier
0,0.7378599238437512,0.7367439638329125,"{'vect__stop_words': 'english', 'tfidf__use_idf': False, 'clf__solver': 'liblinear', 'vect__stemming': True, 'clf__C': 4, 'vect__ngram_range': (1, 1)}",0.7361111111111112,0.7465137201979307,0.7467480131953815,0.7391792319328552,0.7361111111111112,LRC
0,0.7366894664842681,0.7346542027663779,"{'vect__stop_words': 'english', 'tfidf__use_idf': False, 'clf__C': 1, 'vect__stemming': True, 'vect__ngram_range': (1, 1), 'clf__loss': 'hinge'}",0.7361111111111112,0.7428571428571429,0.7441468253968254,0.7419850680720246,0.7361111111111112,LSVC
0,0.7230946952424381,0.7203949435071186,"{'vect__stop_words': 'english', 'vect__ngram_range': (1, 1), 'clf__alpha': 0.01, 'tfidf__use_idf': False, 'vect__stemming': True}",0.7222222222222222,0.7314342828585708,0.7329210394802599,0.729639389059679,0.7222222222222222,SGDC
0,0.7257980115122974,0.7256017791732078,"{'clf__criterion': 'gini', 'vect__ngram_range': (1, 1), 'tfidf__use_idf': False, 'vect__stop_words': 'english', 'vect__stemming': True}",0.7222222222222222,0.752261600681141,0.7504866875975593,0.7218806421704972,0.7222222222222222,RFC
0,0.721850613154961,0.7178558156819027,"{'vect__stop_words': 'english', 'clf__fit_prior': False, 'vect__stemming': True, 'clf__alpha': 1, 'tfidf__use_idf': False, 'vect__ngram_range': (1, 1)}",0.7222222222222222,0.7351385710653444,0.7395711500974659,0.7339335382813644,0.7222222222222222,MNB
