,F1 macro average,F1 weighted average,GS Best Params,accuracy,precision macro average,precision weighted average,recall macro average,recall weighted average,classifier
0,0.7057721139430285,0.7061313093453274,"{'tfidf__use_idf': False, 'vect__stop_words': 'english', 'vect__stemming': True, 'clf__loss': 'hinge', 'clf__C': 1, 'vect__ngram_range': (1, 2)}",0.7083333333333334,0.7118382466430004,0.7085134022740135,0.7041446208112875,0.7083333333333334,LSVC
0,0.6148779909973939,0.6144811656005685,"{'tfidf__use_idf': False, 'clf__criterion': 'gini', 'vect__stop_words': 'english', 'vect__stemming': True, 'vect__ngram_range': (1, 1)}",0.6111111111111112,0.7058324104835733,0.7092054263565892,0.6128747795414462,0.6111111111111112,RFC
0,0.6770151611825114,0.678832072433385,"{'tfidf__use_idf': False, 'vect__stop_words': 'english', 'vect__stemming': True, 'clf__solver': 'liblinear', 'clf__C': 4, 'vect__ngram_range': (1, 2)}",0.6805555555555556,0.6756021756021756,0.67987567987568,0.6814373897707231,0.6805555555555556,LRC
0,0.7050724637681158,0.7071557971014492,"{'tfidf__use_idf': False, 'clf__alpha': 0.01, 'vect__stop_words': 'english', 'vect__stemming': True, 'vect__ngram_range': (1, 2)}",0.7083333333333334,0.7090469916556873,0.7175010979358807,0.7131834215167547,0.7083333333333334,SGDC
0,0.699819562969955,0.6981861583607842,"{'tfidf__use_idf': False, 'vect__stop_words': 'english', 'vect__stemming': True, 'clf__alpha': 0.4, 'clf__fit_prior': False, 'vect__ngram_range': (1, 2)}",0.7222222222222222,0.719396681749623,0.7171417797888385,0.7228835978835978,0.7222222222222222,MNB
