,F1 macro average,F1 weighted average,GS Best Params,accuracy,precision macro average,precision weighted average,recall macro average,recall weighted average,classifier
0,0.6930320150659135,0.7210922787193973,"{'tfidf__use_idf': False, 'vect__stop_words': 'english', 'vect__stemming': True, 'clf__loss': 'hinge', 'clf__C': 1, 'vect__ngram_range': (1, 2)}",0.7222222222222222,0.6925561029009305,0.7233511220580185,0.696388199614006,0.7222222222222222,LSVC
0,0.43632478632478633,0.436502849002849,"{'tfidf__use_idf': False, 'clf__criterion': 'entropy', 'vect__stop_words': 'english', 'vect__stemming': True, 'vect__ngram_range': (1, 1)}",0.4305555555555556,0.6402380952380953,0.7146329365079365,0.5051833471188311,0.4305555555555556,RFC
0,0.7141452765461226,0.7373156472178154,"{'tfidf__use_idf': False, 'vect__stop_words': 'english', 'vect__stemming': True, 'clf__solver': 'saga', 'clf__C': 4, 'vect__ngram_range': (1, 2)}",0.7361111111111112,0.7122863247863248,0.7389467592592592,0.7165425971877584,0.7361111111111112,LRC
0,0.6320987654320988,0.6470164609053498,"{'tfidf__use_idf': False, 'clf__alpha': 0.01, 'vect__stop_words': 'english', 'vect__stemming': True, 'vect__ngram_range': (1, 1)}",0.6527777777777778,0.6398408638817846,0.6630079568059107,0.642624758753791,0.6527777777777778,SGDC
0,0.621007382487618,0.6278167149487586,"{'tfidf__use_idf': False, 'vect__stop_words': 'english', 'vect__stemming': True, 'clf__alpha': 1, 'clf__fit_prior': False, 'vect__ngram_range': (1, 1)}",0.6388888888888888,0.66632326007326,0.7167372557997558,0.6683484973807555,0.6388888888888888,MNB
