,precision macro average,precision weighted average,recall macro average,recall weighted average,accuracy,F1 macro average,F1 weighted average,GS Best Params,classifier
0,0.6972049689440993,0.7688923395445134,0.71875,0.7083333333333334,0.7083333333333334,0.6863636363636362,0.7219696969696969,"{'clf__alpha': 0.4, 'clf__fit_prior': False, 'tfidf__use_idf': False, 'vect__ngram_range': (1, 1), 'vect__stemming': True, 'vect__stop_words': 'english'}",MNB
0,0.6870772946859903,0.7610104669887279,0.7123015873015873,0.6805555555555556,0.6805555555555556,0.6661941661941662,0.6975104475104474,"{'clf__C': 1, 'clf__loss': 'squared_hinge', 'tfidf__use_idf': False, 'vect__ngram_range': (1, 2), 'vect__stemming': False, 'vect__stop_words': 'english'}",LSVC
0,0.6654212454212455,0.725958485958486,0.6949404761904763,0.6805555555555556,0.6805555555555556,0.6621912028548333,0.6915741671759891,"{'clf__alpha': 0.001, 'tfidf__use_idf': False, 'vect__ngram_range': (1, 2), 'vect__stemming': False, 'vect__stop_words': 'english'}",SGDC
0,0.6444444444444445,0.762962962962963,0.4573412698412698,0.3333333333333333,0.3333333333333333,0.31921105825183244,0.3059803581272842,"{'clf__criterion': 'gini', 'tfidf__use_idf': False, 'vect__ngram_range': (1, 1), 'vect__stemming': True, 'vect__stop_words': None}",RFC
0,0.672205143219636,0.7499146049870687,0.6899801587301587,0.6527777777777778,0.6527777777777778,0.6408021898217977,0.6727370910377446,"{'clf__C': 10, 'clf__solver': 'saga', 'tfidf__use_idf': False, 'vect__ngram_range': (1, 2), 'vect__stemming': False, 'vect__stop_words': 'english'}",LRC
