,precision macro average,precision weighted average,recall macro average,recall weighted average,accuracy,F1 macro average,F1 weighted average,GS Best Params,classifier
0,0.6435350951974993,0.6837027564649047,0.6278043593833068,0.5833333333333334,0.5833333333333334,0.5914902998236332,0.580788874191652,"{'clf__alpha': 0.2, 'clf__fit_prior': False, 'tfidf__use_idf': False, 'vect__ngram_range': (1, 1), 'vect__stemming': True, 'vect__stop_words': 'english'}",MNB
0,0.6696172248803828,0.6805555555555556,0.6696172248803828,0.6805555555555556,0.6805555555555556,0.6696172248803828,0.6805555555555556,"{'clf__C': 1, 'clf__loss': 'squared_hinge', 'tfidf__use_idf': False, 'vect__ngram_range': (1, 1), 'vect__stemming': True, 'vect__stop_words': None}",LSVC
0,0.6595162147793727,0.6666666666666666,0.6595162147793727,0.6666666666666666,0.6666666666666666,0.6595162147793727,0.6666666666666666,"{'clf__alpha': 0.001, 'tfidf__use_idf': False, 'vect__ngram_range': (1, 2), 'vect__stemming': True, 'vect__stop_words': None}",SGDC
0,0.6654589371980677,0.6945954106280193,0.6303296119085593,0.5416666666666666,0.5416666666666666,0.5337995337995337,0.4804454804454805,"{'clf__criterion': 'entropy', 'tfidf__use_idf': False, 'vect__ngram_range': (1, 1), 'vect__stemming': False, 'vect__stop_words': 'english'}",RFC
0,0.68175912043978,0.7029985007496252,0.692849548112706,0.6944444444444444,0.6944444444444444,0.6849981726200781,0.6962453754464257,"{'clf__C': 1, 'clf__solver': 'liblinear', 'tfidf__use_idf': True, 'vect__ngram_range': (1, 1), 'vect__stemming': True, 'vect__stop_words': None}",LRC
