,precision macro average,precision weighted average,recall macro average,recall weighted average,accuracy,F1 macro average,F1 weighted average,GS Best Params,classifier
0,0.8218253968253969,0.8312830687830688,0.8217948717948719,0.8194444444444444,0.8194444444444444,0.8147416190894452,0.8182428146196261,"{'clf__alpha': 1, 'clf__fit_prior': True, 'tfidf__use_idf': False, 'vect__ngram_range': (1, 1), 'vect__stemming': True, 'vect__stop_words': 'english'}",MNB
0,0.7956095481670928,0.8039393293549303,0.7794871794871795,0.7777777777777778,0.7777777777777778,0.7719860999732692,0.7743027710950726,"{'clf__C': 1, 'clf__loss': 'squared_hinge', 'tfidf__use_idf': False, 'vect__ngram_range': (1, 1), 'vect__stemming': True, 'vect__stop_words': 'english'}",LSVC
0,0.8239506172839507,0.8326131687242798,0.8256410256410257,0.8194444444444444,0.8194444444444444,0.8168444079846869,0.8182481086500775,"{'clf__alpha': 0.01, 'tfidf__use_idf': False, 'vect__ngram_range': (1, 1), 'vect__stemming': True, 'vect__stop_words': 'english'}",SGDC
0,0.7863247863247863,0.809116809116809,0.7307692307692308,0.7083333333333334,0.7083333333333334,0.7038779610629279,0.7060372826769289,"{'clf__criterion': 'entropy', 'tfidf__use_idf': False, 'vect__ngram_range': (1, 1), 'vect__stemming': True, 'vect__stop_words': 'english'}",RFC
0,0.7959477124183008,0.8056100217864924,0.7833333333333333,0.7777777777777778,0.7777777777777778,0.7737233911652517,0.7752373774660597,"{'clf__C': 4, 'clf__solver': 'saga', 'tfidf__use_idf': False, 'vect__ngram_range': (1, 1), 'vect__stemming': True, 'vect__stop_words': 'english'}",LRC
