,precision macro average,precision weighted average,recall macro average,recall weighted average,accuracy,F1 macro average,F1 weighted average,GS Best Params,classifier
0,0.6869047619047618,0.7183035714285714,0.6919900264921303,0.6805555555555556,0.6805555555555556,0.6734871464901797,0.6849838118291101,"{'clf__alpha': 0.4, 'clf__fit_prior': False, 'tfidf__use_idf': False, 'vect__ngram_range': (1, 2), 'vect__stemming': True, 'vect__stop_words': 'english'}",MNB
0,0.738015607580825,0.7664437012263099,0.7459352760895538,0.7361111111111112,0.7361111111111112,0.731799494865697,0.7403021280779699,"{'clf__C': 1, 'clf__loss': 'hinge', 'tfidf__use_idf': False, 'vect__ngram_range': (1, 2), 'vect__stemming': True, 'vect__stop_words': 'english'}",LSVC
0,0.7248677248677248,0.7619047619047618,0.7247155991896524,0.7083333333333334,0.7083333333333334,0.7055828332424077,0.7153573376977632,"{'clf__alpha': 0.01, 'tfidf__use_idf': True, 'vect__ngram_range': (1, 1), 'vect__stemming': True, 'vect__stop_words': None}",SGDC
0,0.650648360030511,0.7014365624205441,0.5828528388135682,0.5555555555555556,0.5555555555555556,0.5501862746964705,0.5482000321564495,"{'clf__criterion': 'gini', 'tfidf__use_idf': True, 'vect__ngram_range': (1, 1), 'vect__stemming': True, 'vect__stop_words': None}",RFC
0,0.7331807780320366,0.7626048817696414,0.7321957300919433,0.7083333333333334,0.7083333333333334,0.7103175333640128,0.7099079613437644,"{'clf__C': 4, 'clf__solver': 'newton-cg', 'tfidf__use_idf': True, 'vect__ngram_range': (1, 1), 'vect__stemming': True, 'vect__stop_words': None}",LRC
