,precision macro average,precision weighted average,recall macro average,recall weighted average,accuracy,F1 macro average,F1 weighted average,GS Best Params,classifier
0,0.6661616161616162,0.6759469696969698,0.6448412698412699,0.6388888888888888,0.6388888888888888,0.6332048488911234,0.6363820456957713,"{'clf__alpha': 0.8, 'clf__fit_prior': True, 'tfidf__use_idf': False, 'vect__ngram_range': (1, 1), 'vect__stemming': True, 'vect__stop_words': 'english'}",MNB
0,0.6962095875139354,0.699763099219621,0.7019400352733686,0.6944444444444444,0.6944444444444444,0.6947517730496454,0.6929432624113476,"{'clf__C': 1, 'clf__loss': 'squared_hinge', 'tfidf__use_idf': False, 'vect__ngram_range': (1, 2), 'vect__stemming': True, 'vect__stop_words': 'english'}",LSVC
0,0.6460317460317461,0.6499999999999999,0.6459435626102293,0.6388888888888888,0.6388888888888888,0.6389586137485298,0.6378915202444615,"{'clf__alpha': 0.01, 'tfidf__use_idf': True, 'vect__ngram_range': (1, 2), 'vect__stemming': True, 'vect__stop_words': 'english'}",SGDC
0,0.7079579579579581,0.7197635135135135,0.6569664902998237,0.6527777777777778,0.6527777777777778,0.6521835710160381,0.6535385845661736,"{'clf__criterion': 'gini', 'tfidf__use_idf': True, 'vect__ngram_range': (1, 1), 'vect__stemming': True, 'vect__stop_words': 'english'}",RFC
0,0.6857821089455273,0.689858195902049,0.6871693121693121,0.6805555555555556,0.6805555555555556,0.6790323954113596,0.6772190491831199,"{'clf__C': 2, 'clf__solver': 'liblinear', 'tfidf__use_idf': True, 'vect__ngram_range': (1, 1), 'vect__stemming': True, 'vect__stop_words': 'english'}",LRC
