,F1 macro average,F1 weighted average,GS Best Params,accuracy,precision macro average,precision weighted average,recall macro average,recall weighted average,classifier
0,0.7164097659076138,0.7164097659076138,"{'vect__stemming': True, 'tfidf__use_idf': False, 'clf__alpha': 1, 'vect__ngram_range': (1, 1), 'clf__fit_prior': True, 'vect__stop_words': 'english'}",0.7222222222222222,0.7280060172217034,0.7280060172217034,0.7222222222222222,0.7222222222222222,MNB
0,0.7624792139077853,0.7624792139077854,"{'vect__stemming': True, 'tfidf__use_idf': False, 'clf__loss': 'hinge', 'vect__ngram_range': (1, 1), 'vect__stop_words': 'english', 'clf__C': 1}",0.7638888888888888,0.7642246642246642,0.7642246642246643,0.7638888888888888,0.7638888888888888,LSVC
0,0.6059491547296426,0.6059491547296426,"{'vect__ngram_range': (1, 1), 'vect__stemming': True, 'tfidf__use_idf': False, 'clf__criterion': 'entropy', 'vect__stop_words': 'english'}",0.6111111111111112,0.6537833081950729,0.6537833081950729,0.6111111111111112,0.6111111111111112,RFC
0,0.7343981070689146,0.7343981070689147,"{'vect__stemming': True, 'tfidf__use_idf': False, 'clf__solver': 'saga', 'vect__ngram_range': (1, 2), 'vect__stop_words': 'english', 'clf__C': 4}",0.7361111111111112,0.733939393939394,0.7339393939393939,0.7361111111111112,0.7361111111111112,LRC
0,0.6892140504000343,0.6892140504000343,"{'vect__ngram_range': (1, 2), 'vect__stemming': True, 'vect__stop_words': 'english', 'tfidf__use_idf': False, 'clf__alpha': 0.01}",0.6944444444444444,0.6972924648786719,0.6972924648786718,0.6944444444444445,0.6944444444444444,SGDC
