,F1 macro average,F1 weighted average,GS Best Params,accuracy,precision macro average,precision weighted average,recall macro average,recall weighted average,classifier
0,0.6636363636363636,0.671489898989899,"{'vect__stop_words': 'english', 'tfidf__use_idf': False, 'clf__solver': 'liblinear', 'vect__stemming': True, 'clf__C': 10, 'vect__ngram_range': (1, 2)}",0.6666666666666666,0.6703140096618357,0.6864875201288245,0.6682411156095367,0.6666666666666666,LRC
0,0.6635111719106247,0.6698221614227086,"{'vect__stop_words': 'english', 'tfidf__use_idf': False, 'clf__C': 1, 'vect__stemming': True, 'vect__ngram_range': (1, 2), 'clf__loss': 'squared_hinge'}",0.6666666666666666,0.6666666666666666,0.6799768518518519,0.6682411156095367,0.6666666666666666,LSVC
0,0.6962095875139354,0.7015282422891117,"{'vect__stop_words': 'english', 'vect__ngram_range': (1, 2), 'clf__alpha': 0.01, 'tfidf__use_idf': False, 'vect__stemming': True}",0.6944444444444444,0.7375066454013822,0.7620392521708311,0.7127755285650023,0.6944444444444444,SGDC
0,0.4261747646115092,0.41864608363399664,"{'clf__criterion': 'gini', 'vect__ngram_range': (1, 1), 'tfidf__use_idf': False, 'vect__stop_words': 'english', 'vect__stemming': True}",0.4444444444444444,0.6392496392496392,0.6720177970177971,0.49242765032238717,0.4444444444444444,RFC
0,0.6766354340478329,0.6827946063121265,"{'vect__stop_words': 'english', 'clf__fit_prior': False, 'vect__stemming': True, 'clf__alpha': 1, 'tfidf__use_idf': False, 'vect__ngram_range': (1, 2)}",0.6805555555555556,0.6783723522853956,0.6901012634708287,0.6805867946218823,0.6805555555555556,MNB
