,F1 macro average,F1 weighted average,GS Best Params,accuracy,precision macro average,precision weighted average,recall macro average,recall weighted average,classifier
0,0.5803133663520543,0.5844845756886689,"{'vect__stemming': True, 'tfidf__use_idf': False, 'clf__alpha': 1, 'vect__ngram_range': (1, 1), 'clf__fit_prior': False, 'vect__stop_words': 'english'}",0.5972222222222222,0.5866397849462365,0.5937892025089605,0.595925925925926,0.5972222222222222,MNB
0,0.6749137801769381,0.6807804768331085,"{'vect__stemming': True, 'tfidf__use_idf': False, 'clf__loss': 'hinge', 'vect__ngram_range': (1, 1), 'vect__stop_words': 'english', 'clf__C': 1}",0.6805555555555556,0.6790123456790124,0.6826131687242797,0.6725925925925926,0.6805555555555556,LSVC
0,0.6843686930994995,0.6794449611226044,"{'vect__ngram_range': (1, 1), 'vect__stemming': True, 'tfidf__use_idf': False, 'clf__criterion': 'gini', 'vect__stop_words': 'english'}",0.6805555555555556,0.7053376906318083,0.7015477487291213,0.6851851851851851,0.6805555555555556,RFC
0,0.75997150997151,0.7639185660018993,"{'vect__stemming': True, 'tfidf__use_idf': False, 'clf__solver': 'newton-cg', 'vect__ngram_range': (1, 1), 'vect__stop_words': 'english', 'clf__C': 4}",0.7638888888888888,0.7766397849462364,0.7759094982078852,0.755925925925926,0.7638888888888888,LRC
0,0.6479986956876173,0.6488172875737074,"{'vect__ngram_range': (1, 2), 'vect__stemming': True, 'vect__stop_words': 'english', 'tfidf__use_idf': False, 'clf__alpha': 0.01}",0.6527777777777778,0.6508463240211967,0.6492675052734476,0.6492592592592593,0.6527777777777778,SGDC
