,F1 macro average,F1 weighted average,GS Best Params,accuracy,precision macro average,precision weighted average,recall macro average,recall weighted average,classifier
0,0.5811688311688311,0.5731872294372294,"{'vect__stop_words': 'english', 'tfidf__use_idf': False, 'clf__solver': 'liblinear', 'vect__stemming': True, 'clf__C': 4, 'vect__ngram_range': (1, 1)}",0.5833333333333334,0.5986290322580645,0.6055510752688172,0.603233082706767,0.5833333333333334,LRC
0,0.5974762618690654,0.5899435698817259,"{'vect__stop_words': 'english', 'tfidf__use_idf': False, 'clf__C': 1, 'vect__stemming': True, 'vect__ngram_range': (1, 2), 'clf__loss': 'hinge'}",0.5972222222222222,0.6103896103896104,0.612012987012987,0.6109273182957393,0.5972222222222222,LSVC
0,0.5598295383849695,0.548492648583634,"{'vect__stop_words': 'english', 'vect__ngram_range': (1, 2), 'clf__alpha': 0.01, 'tfidf__use_idf': False, 'vect__stemming': True}",0.5555555555555556,0.565998329156224,0.5621170983013088,0.5723558897243107,0.5555555555555556,SGDC
0,0.4627274333156686,0.4552898486722017,"{'clf__criterion': 'entropy', 'vect__ngram_range': (1, 1), 'tfidf__use_idf': False, 'vect__stop_words': 'english', 'vect__stemming': True}",0.4722222222222222,0.5452135603345281,0.5664840327558741,0.4980701754385965,0.4722222222222222,RFC
0,0.5361728395061728,0.5419701646090535,"{'vect__stop_words': 'english', 'clf__fit_prior': False, 'vect__stemming': True, 'clf__alpha': 1, 'tfidf__use_idf': False, 'vect__ngram_range': (1, 2)}",0.5416666666666666,0.5757575757575758,0.5967171717171718,0.5560902255639096,0.5416666666666666,MNB
