,F1 macro average,F1 weighted average,GS Best Params,accuracy,precision macro average,precision weighted average,recall macro average,recall weighted average,classifier
0,0.7750112567388315,0.777843695617782,"{'vect__stemming': True, 'tfidf__use_idf': False, 'clf__alpha': 1, 'vect__ngram_range': (1, 1), 'clf__fit_prior': True, 'vect__stop_words': 'english'}",0.7777777777777778,0.776019536019536,0.7783597883597884,0.7744755244755245,0.7777777777777778,MNB
0,0.7352173913043479,0.7367270531400967,"{'vect__stemming': True, 'tfidf__use_idf': False, 'clf__loss': 'hinge', 'vect__ngram_range': (1, 1), 'vect__stop_words': 'english', 'clf__C': 1}",0.7361111111111112,0.7385392385392385,0.7427479927479927,0.737082362082362,0.7361111111111112,LSVC
0,0.6964395850855061,0.7004625735912531,"{'vect__ngram_range': (1, 1), 'vect__stemming': True, 'tfidf__use_idf': False, 'clf__criterion': 'entropy', 'vect__stop_words': 'english'}",0.6944444444444444,0.74661736039445,0.7582726560409738,0.6992035742035743,0.6944444444444444,RFC
0,0.7085507246376812,0.7104951690821256,"{'vect__stemming': True, 'tfidf__use_idf': False, 'clf__solver': 'liblinear', 'vect__ngram_range': (1, 1), 'vect__stop_words': 'english', 'clf__C': 6}",0.7083333333333334,0.7175324675324676,0.7233946608946609,0.7105672105672106,0.7083333333333334,LRC
0,0.7357729468599032,0.7384400161030595,"{'vect__ngram_range': (1, 2), 'vect__stemming': True, 'vect__stop_words': 'english', 'tfidf__use_idf': False, 'clf__alpha': 0.01}",0.7361111111111112,0.7408702408702408,0.7463416213416213,0.7360139860139862,0.7361111111111112,SGDC
