,F1 macro average,F1 weighted average,GS Best Params,accuracy,precision macro average,precision weighted average,recall macro average,recall weighted average,classifier
0,0.8074074074074074,0.8040123456790123,"{'vect__stop_words': 'english', 'tfidf__use_idf': False, 'clf__solver': 'liblinear', 'vect__stemming': True, 'clf__C': 4, 'vect__ngram_range': (1, 2)}",0.8055555555555556,0.8125925925925926,0.8152777777777778,0.8159259259259258,0.8055555555555556,LRC
0,0.7782903941718532,0.7749807517569676,"{'vect__stop_words': 'english', 'tfidf__use_idf': False, 'clf__C': 1, 'vect__stemming': True, 'vect__ngram_range': (1, 1), 'clf__loss': 'hinge'}",0.7777777777777778,0.7826574928024205,0.789127181639259,0.7922222222222222,0.7777777777777778,LSVC
0,0.8059745637385389,0.8044094449373953,"{'vect__stop_words': 'english', 'vect__ngram_range': (1, 1), 'clf__alpha': 0.01, 'tfidf__use_idf': False, 'vect__stemming': True}",0.8055555555555556,0.8193511469373539,0.8295879567431292,0.8212345679012346,0.8055555555555556,SGDC
0,0.7229437229437229,0.7224025974025973,"{'clf__criterion': 'entropy', 'vect__ngram_range': (1, 1), 'tfidf__use_idf': False, 'vect__stop_words': 'english', 'vect__stemming': True}",0.7222222222222222,0.7328090340794514,0.736203535659071,0.7269135802469137,0.7222222222222222,RFC
0,0.8196856756887153,0.8167283314034834,"{'vect__stop_words': 'english', 'clf__fit_prior': False, 'vect__stemming': True, 'clf__alpha': 0.4, 'tfidf__use_idf': False, 'vect__ngram_range': (1, 1)}",0.8194444444444444,0.8262786596119929,0.8343988830099942,0.834567901234568,0.8194444444444444,MNB
