,F1 macro average,F1 weighted average,GS Best Params,accuracy,precision macro average,precision weighted average,recall macro average,recall weighted average,classifier
0,0.6941530691530691,0.6929025835275835,"{'vect__stemming': True, 'tfidf__use_idf': False, 'clf__alpha': 0.4, 'vect__ngram_range': (1, 1), 'clf__fit_prior': False, 'vect__stop_words': 'english'}",0.6944444444444444,0.7292730949340145,0.7465011707109408,0.7092822636300897,0.6944444444444444,MNB
0,0.7275260730410232,0.7220335957877486,"{'vect__stemming': True, 'tfidf__use_idf': False, 'clf__loss': 'hinge', 'vect__ngram_range': (1, 2), 'vect__stop_words': 'english', 'clf__C': 1}",0.7222222222222222,0.7278554778554779,0.7268842268842269,0.7318840579710145,0.7222222222222222,LSVC
0,0.7119785898855667,0.7074720068906115,"{'vect__ngram_range': (1, 1), 'vect__stemming': True, 'tfidf__use_idf': False, 'clf__criterion': 'gini', 'vect__stop_words': 'english'}",0.7083333333333334,0.711038961038961,0.7070707070707071,0.7134230503795722,0.7083333333333334,RFC
0,0.7163320612797964,0.7097459580037977,"{'vect__stemming': True, 'tfidf__use_idf': False, 'clf__solver': 'liblinear', 'vect__ngram_range': (1, 2), 'vect__stop_words': 'english', 'clf__C': 4}",0.7083333333333334,0.7192307692307693,0.7137286324786325,0.7160110420979987,0.7083333333333334,LRC
0,0.7294142172190953,0.7222830241122924,"{'vect__ngram_range': (1, 1), 'vect__stemming': True, 'vect__stop_words': 'english', 'tfidf__use_idf': False, 'clf__alpha': 0.01}",0.7222222222222222,0.7366066966516742,0.7336321422622023,0.7330917874396136,0.7222222222222222,SGDC
