,precision macro average,precision weighted average,recall macro average,recall weighted average,accuracy,F1 macro average,F1 weighted average,GS Best Params,classifier
0,0.6465909090909091,0.654683660933661,0.6703429661687376,0.6351351351351351,0.6351351351351351,0.6343870881686008,0.6234169343413041,"{'clf__alpha': 0.4, 'clf__fit_prior': False, 'tfidf__use_idf': False, 'vect__ngram_range': (1, 1), 'vect__stemming': True, 'vect__stop_words': 'english'}",MNB
0,0.7933826608962725,0.807052759865827,0.80606356740658,0.7837837837837838,0.7837837837837838,0.7815656565656566,0.7768529893529892,"{'clf__C': 1, 'clf__loss': 'hinge', 'tfidf__use_idf': False, 'vect__ngram_range': (1, 1), 'vect__stemming': True, 'vect__stop_words': 'english'}",LSVC
0,0.7589285714285715,0.7843870656370657,0.7472660430918144,0.7162162162162162,0.7162162162162162,0.7084494435155629,0.7044842379999698,"{'clf__alpha': 0.01, 'tfidf__use_idf': False, 'vect__ngram_range': (1, 1), 'vect__stemming': True, 'vect__stop_words': 'english'}",SGDC
0,0.6844636844636844,0.6989391989391989,0.62771650611941,0.6081081081081081,0.6081081081081081,0.5855889724310778,0.5728256451940662,"{'clf__criterion': 'gini', 'tfidf__use_idf': False, 'vect__ngram_range': (1, 1), 'vect__stemming': True, 'vect__stop_words': 'english'}",RFC
0,0.7944315657297402,0.8168157290875344,0.7945693145330169,0.7702702702702703,0.7702702702702703,0.7658346752549651,0.764487313400357,"{'clf__C': 4, 'clf__solver': 'liblinear', 'tfidf__use_idf': False, 'vect__ngram_range': (1, 1), 'vect__stemming': True, 'vect__stop_words': 'english'}",LRC
