,precision macro average,precision weighted average,recall macro average,recall weighted average,accuracy,F1 macro average,F1 weighted average,GS Best Params,classifier
0,0.7319093489692401,0.7305673675909612,0.7257014590347923,0.7297297297297297,0.7297297297297297,0.7271754230147343,0.7286209144171841,"{'clf__alpha': 1, 'clf__fit_prior': False, 'tfidf__use_idf': False, 'vect__ngram_range': (1, 1), 'vect__stemming': True, 'vect__stop_words': 'english'}",MNB
0,0.6866760168302944,0.6899397293506692,0.6810774410774411,0.6891891891891891,0.6891891891891891,0.681855500821018,0.6874750366129676,"{'clf__C': 1, 'clf__loss': 'hinge', 'tfidf__use_idf': False, 'vect__ngram_range': (1, 1), 'vect__stemming': True, 'vect__stop_words': 'english'}",LSVC
0,0.7313186813186814,0.7345931095931096,0.7169921436588104,0.7162162162162162,0.7162162162162162,0.719191919191919,0.7205569205569207,"{'clf__alpha': 0.01, 'tfidf__use_idf': False, 'vect__ngram_range': (1, 1), 'vect__stemming': True, 'vect__stop_words': 'english'}",SGDC
0,0.7104377104377105,0.722972972972973,0.5932210998877666,0.581081081081081,0.581081081081081,0.5906269906269906,0.5921110299488678,"{'clf__criterion': 'gini', 'tfidf__use_idf': False, 'vect__ngram_range': (1, 1), 'vect__stemming': True, 'vect__stop_words': 'english'}",RFC
0,0.6712457912457913,0.6750914550914551,0.6648035914702581,0.6621621621621622,0.6621621621621622,0.6645289867174365,0.6653203856851273,"{'clf__C': 4, 'clf__solver': 'liblinear', 'tfidf__use_idf': False, 'vect__ngram_range': (1, 2), 'vect__stemming': True, 'vect__stop_words': 'english'}",LRC
