,precision macro average,precision weighted average,recall macro average,recall weighted average,accuracy,F1 macro average,F1 weighted average,GS Best Params,classifier
0,0.7188103254769921,0.7230940030940032,0.7255555555555556,0.7162162162162162,0.7162162162162162,0.7166332218506133,0.7139320256711562,"{'clf__alpha': 1, 'clf__fit_prior': True, 'tfidf__use_idf': False, 'vect__ngram_range': (1, 2), 'vect__stemming': True, 'vect__stop_words': 'english'}",MNB
0,0.7052099946836788,0.7028427949480581,0.7031746031746032,0.6891891891891891,0.6891891891891891,0.6920325092278206,0.6827956964454771,"{'clf__C': 1, 'clf__loss': 'hinge', 'tfidf__use_idf': False, 'vect__ngram_range': (1, 1), 'vect__stemming': True, 'vect__stop_words': 'english'}",LSVC
0,0.6684399551066217,0.6616498316498317,0.6736507936507937,0.6621621621621622,0.6621621621621622,0.6699519582362935,0.6607422557400618,"{'clf__alpha': 0.01, 'tfidf__use_idf': False, 'vect__ngram_range': (1, 2), 'vect__stemming': True, 'vect__stop_words': 'english'}",SGDC
0,0.7200956937799043,0.7174770464244149,0.6544444444444445,0.6351351351351351,0.6351351351351351,0.6330732069862505,0.617096025791678,"{'clf__criterion': 'entropy', 'tfidf__use_idf': False, 'vect__ngram_range': (1, 1), 'vect__stemming': True, 'vect__stop_words': 'english'}",RFC
0,0.6805555555555555,0.6798423423423422,0.6898412698412698,0.6756756756756757,0.6756756756756757,0.6765993265993266,0.6685503685503686,"{'clf__C': 6, 'clf__solver': 'liblinear', 'tfidf__use_idf': False, 'vect__ngram_range': (1, 2), 'vect__stemming': True, 'vect__stop_words': 'english'}",LRC
