,precision macro average,precision weighted average,recall macro average,recall weighted average,accuracy,F1 macro average,F1 weighted average,GS Best Params,classifier
0,0.736261951174232,0.7393803578014104,0.7365967365967366,0.7297297297297297,0.7297297297297297,0.7271278825995807,0.7253510113887471,"{'clf__alpha': 0.4, 'clf__fit_prior': True, 'tfidf__use_idf': False, 'vect__ngram_range': (1, 1), 'vect__stemming': True, 'vect__stop_words': 'english'}",MNB
0,0.6880341880341879,0.6891891891891891,0.6864801864801864,0.6891891891891891,0.6891891891891891,0.6870591014952576,0.6889994426194513,"{'clf__C': 1, 'clf__loss': 'hinge', 'tfidf__use_idf': False, 'vect__ngram_range': (1, 2), 'vect__stemming': True, 'vect__stop_words': 'english'}",LSVC
0,0.7204106280193235,0.7255679592636115,0.7144522144522144,0.7162162162162162,0.7162162162162162,0.7159152422248637,0.7193607194779116,"{'clf__alpha': 0.01, 'tfidf__use_idf': False, 'vect__ngram_range': (1, 2), 'vect__stemming': True, 'vect__stop_words': 'english'}",SGDC
0,0.7708683473389355,0.7692936634113104,0.6946386946386948,0.7027027027027027,0.7027027027027027,0.6995723493671511,0.7023249818384214,"{'clf__criterion': 'gini', 'tfidf__use_idf': False, 'vect__ngram_range': (1, 1), 'vect__stemming': True, 'vect__stop_words': 'english'}",RFC
0,0.7054473304473304,0.7067245817245816,0.7016317016317016,0.7027027027027027,0.7027027027027027,0.7028282828282828,0.703963963963964,"{'clf__C': 4, 'clf__solver': 'liblinear', 'tfidf__use_idf': False, 'vect__ngram_range': (1, 1), 'vect__stemming': True, 'vect__stop_words': 'english'}",LRC
