,precision macro average,precision weighted average,recall macro average,recall weighted average,accuracy,F1 macro average,F1 weighted average,GS Best Params,classifier
0,0.6940170940170941,0.7095634095634096,0.6972222222222223,0.6756756756756757,0.6756756756756757,0.6747852925389157,0.6696207076641859,"{'clf__alpha': 0.4, 'clf__fit_prior': True, 'tfidf__use_idf': False, 'vect__ngram_range': (1, 1), 'vect__stemming': True, 'vect__stop_words': 'english'}",MNB
0,0.6617460317460317,0.6628442728442728,0.6666666666666666,0.6621621621621622,0.6621621621621622,0.6637201558503975,0.6619888971204603,"{'clf__C': 1, 'clf__loss': 'hinge', 'tfidf__use_idf': False, 'vect__ngram_range': (1, 1), 'vect__stemming': True, 'vect__stop_words': 'english'}",LSVC
0,0.6609810479375696,0.6699358221097352,0.6694444444444444,0.6621621621621622,0.6621621621621622,0.6611786558595069,0.6622922314411676,"{'clf__alpha': 0.01, 'tfidf__use_idf': False, 'vect__ngram_range': (1, 1), 'vect__stemming': True, 'vect__stop_words': 'english'}",SGDC
0,0.6090225563909774,0.604145498882341,0.5916666666666667,0.5945945945945946,0.5945945945945946,0.596422182468694,0.5952714789924092,"{'clf__criterion': 'entropy', 'tfidf__use_idf': False, 'vect__ngram_range': (1, 1), 'vect__stemming': True, 'vect__stop_words': 'english'}",RFC
0,0.6619977553310886,0.668086268086268,0.6694444444444444,0.6621621621621622,0.6621621621621622,0.6626262626262628,0.6617526617526618,"{'clf__C': 4, 'clf__solver': 'saga', 'tfidf__use_idf': False, 'vect__ngram_range': (1, 2), 'vect__stemming': True, 'vect__stop_words': 'english'}",LRC
