,precision macro average,precision weighted average,recall macro average,recall weighted average,accuracy,F1 macro average,F1 weighted average,GS Best Params,classifier
0,0.7278406251419746,0.7344263985943147,0.7305555555555556,0.7297297297297297,0.7297297297297297,0.7275225217505557,0.7306148670649708,"{'clf__alpha': 1, 'clf__fit_prior': True, 'tfidf__use_idf': False, 'vect__ngram_range': (1, 1), 'vect__stemming': True, 'vect__stop_words': 'english'}",MNB
0,0.7769728581087607,0.7757641733300963,0.7666666666666667,0.7702702702702703,0.7702702702702703,0.7685495143122262,0.7700878933128132,"{'clf__C': 1, 'clf__loss': 'hinge', 'tfidf__use_idf': False, 'vect__ngram_range': (1, 1), 'vect__stemming': True, 'vect__stop_words': 'english'}",LSVC
0,0.7738607270865335,0.7600365342300827,0.7416666666666666,0.7432432432432432,0.7432432432432432,0.7506935687263557,0.7456460243345489,"{'clf__alpha': 0.01, 'tfidf__use_idf': False, 'vect__ngram_range': (1, 1), 'vect__stemming': True, 'vect__stop_words': 'english'}",SGDC
0,0.6867905056759546,0.6951719521378964,0.6527777777777777,0.6351351351351351,0.6351351351351351,0.6421988748687445,0.6343377324846097,"{'clf__criterion': 'gini', 'tfidf__use_idf': False, 'vect__ngram_range': (1, 1), 'vect__stemming': True, 'vect__stop_words': 'english'}",RFC
0,0.7767134951042998,0.7749818784301542,0.7694444444444444,0.7702702702702703,0.7702702702702703,0.771410913458455,0.7711034747819133,"{'clf__C': 4, 'clf__solver': 'newton-cg', 'tfidf__use_idf': False, 'vect__ngram_range': (1, 2), 'vect__stemming': True, 'vect__stop_words': 'english'}",LRC
