,precision macro average,precision weighted average,recall macro average,recall weighted average,accuracy,F1 macro average,F1 weighted average,GS Best Params,classifier
0,0.7057142857142858,0.7328957528957529,0.7304012345679013,0.7162162162162162,0.7162162162162162,0.7102564102564103,0.7188842688842689,"{'clf__alpha': 1, 'clf__fit_prior': False, 'tfidf__use_idf': False, 'vect__ngram_range': (1, 1), 'vect__stemming': True, 'vect__stop_words': 'english'}",MNB
0,0.6846491228070176,0.7054943100995733,0.6709104938271605,0.6621621621621622,0.6621621621621622,0.6586435070306037,0.6605056669572799,"{'clf__C': 1, 'clf__loss': 'hinge', 'tfidf__use_idf': False, 'vect__ngram_range': (1, 2), 'vect__stemming': True, 'vect__stop_words': 'english'}",LSVC
0,0.6675424512236656,0.6872739035926893,0.6774691358024691,0.6756756756756757,0.6756756756756757,0.6681034482758621,0.676549394221808,"{'clf__alpha': 0.01, 'tfidf__use_idf': False, 'vect__ngram_range': (1, 2), 'vect__stemming': True, 'vect__stop_words': 'english'}",SGDC
0,0.6658210007047216,0.6929318324667162,0.6300925925925926,0.581081081081081,0.581081081081081,0.583610188261351,0.5590464218371195,"{'clf__criterion': 'gini', 'tfidf__use_idf': False, 'vect__ngram_range': (1, 1), 'vect__stemming': True, 'vect__stop_words': 'english'}",RFC
0,0.6846491228070176,0.7054943100995733,0.6709104938271605,0.6621621621621622,0.6621621621621622,0.6586435070306037,0.6605056669572799,"{'clf__C': 10, 'clf__solver': 'saga', 'tfidf__use_idf': False, 'vect__ngram_range': (1, 2), 'vect__stemming': True, 'vect__stop_words': 'english'}",LRC
