,precision macro average,precision weighted average,recall macro average,recall weighted average,accuracy,F1 macro average,F1 weighted average,GS Best Params,classifier
0,0.7031095266389386,0.7109087697322991,0.6853146853146853,0.6756756756756757,0.6756756756756757,0.6744227994227995,0.6741985491985492,"{'clf__alpha': 0.4, 'clf__fit_prior': False, 'tfidf__use_idf': False, 'vect__ngram_range': (1, 1), 'vect__stemming': True, 'vect__stop_words': 'english'}",MNB
0,0.7009356725146199,0.7020673304883831,0.6934731934731935,0.6891891891891891,0.6891891891891891,0.689547450185748,0.6877173526109697,"{'clf__C': 1, 'clf__loss': 'hinge', 'tfidf__use_idf': False, 'vect__ngram_range': (1, 1), 'vect__stemming': True, 'vect__stop_words': 'english'}",LSVC
0,0.6650432900432901,0.6672077922077921,0.6631701631701631,0.6621621621621622,0.6621621621621622,0.6618357487922705,0.6623580101840971,"{'clf__alpha': 0.01, 'tfidf__use_idf': False, 'vect__ngram_range': (1, 1), 'vect__stemming': True, 'vect__stop_words': 'english'}",SGDC
0,0.7277488593278066,0.7244123823071191,0.6631701631701631,0.6621621621621622,0.6621621621621622,0.6574268231370096,0.6534116613026226,"{'clf__criterion': 'entropy', 'tfidf__use_idf': False, 'vect__ngram_range': (1, 1), 'vect__stemming': True, 'vect__stop_words': 'english'}",RFC
0,0.7183908045977011,0.7211867039453247,0.7086247086247086,0.7027027027027027,0.7027027027027027,0.7024737167594309,0.7007320864463722,"{'clf__C': 6, 'clf__solver': 'saga', 'tfidf__use_idf': False, 'vect__ngram_range': (1, 1), 'vect__stemming': True, 'vect__stop_words': 'english'}",LRC
