,precision macro average,precision weighted average,recall macro average,recall weighted average,accuracy,F1 macro average,F1 weighted average,GS Best Params,classifier
0,0.6573631047315258,0.6589508168455538,0.6512725779967159,0.6621621621621622,0.6621621621621622,0.6523842917251051,0.6585317084265191,"{'clf__alpha': 1, 'clf__fit_prior': False, 'tfidf__use_idf': False, 'vect__ngram_range': (1, 2), 'vect__stemming': True, 'vect__stop_words': 'english'}",MNB
0,0.7057098765432098,0.700656906906907,0.6794608648056925,0.6891891891891891,0.6891891891891891,0.6848816029143898,0.688081524147098,"{'clf__C': 1, 'clf__loss': 'hinge', 'tfidf__use_idf': False, 'vect__ngram_range': (1, 2), 'vect__stemming': True, 'vect__stop_words': 'english'}",LSVC
0,0.6855555555555556,0.6816666666666666,0.6655719759168034,0.6756756756756757,0.6756756756756757,0.6704624308310944,0.6739964347387438,"{'clf__alpha': 0.01, 'tfidf__use_idf': False, 'vect__ngram_range': (1, 2), 'vect__stemming': True, 'vect__stop_words': 'english'}",SGDC
0,0.7557544757033249,0.7553743001313333,0.7203749315818281,0.7162162162162162,0.7162162162162162,0.7251384429242869,0.7229107161049085,"{'clf__criterion': 'gini', 'tfidf__use_idf': False, 'vect__ngram_range': (1, 1), 'vect__stemming': True, 'vect__stop_words': 'english'}",RFC
0,0.6847093280282935,0.6762413524266973,0.6382047071702245,0.6486486486486487,0.6486486486486487,0.6464523328663355,0.6492704654946972,"{'clf__C': 4, 'clf__solver': 'liblinear', 'tfidf__use_idf': False, 'vect__ngram_range': (1, 1), 'vect__stemming': True, 'vect__stop_words': 'english'}",LRC
