,precision macro average,precision weighted average,recall macro average,recall weighted average,accuracy,F1 macro average,F1 weighted average,GS Best Params,classifier
0,0.6917606011808911,0.6884547591069331,0.69296833064949,0.6891891891891891,0.6891891891891891,0.6921460467559758,0.6886141460609546,"{'clf__alpha': 1, 'clf__fit_prior': False, 'tfidf__use_idf': False, 'vect__ngram_range': (1, 2), 'vect__stemming': True, 'vect__stop_words': 'english'}",MNB
0,0.6806923918992883,0.6773371277681622,0.6809581320450886,0.6756756756756757,0.6756756756756757,0.6774963844886153,0.6732050383548719,"{'clf__C': 1, 'clf__loss': 'hinge', 'tfidf__use_idf': False, 'vect__ngram_range': (1, 2), 'vect__stemming': True, 'vect__stop_words': 'english'}",LSVC
0,0.6571021571021571,0.6515691515691515,0.6531803542673108,0.6486486486486487,0.6486486486486487,0.6542760942760943,0.6492874692874693,"{'clf__alpha': 0.01, 'tfidf__use_idf': False, 'vect__ngram_range': (1, 2), 'vect__stemming': True, 'vect__stop_words': 'english'}",SGDC
0,0.6483537108537109,0.6449474329541897,0.612788513150832,0.6081081081081081,0.6081081081081081,0.6104280510018215,0.6068804460197903,"{'clf__criterion': 'entropy', 'tfidf__use_idf': False, 'vect__ngram_range': (1, 1), 'vect__stemming': True, 'vect__stop_words': 'english'}",RFC
0,0.652104899930987,0.6495047842873931,0.6541196994095544,0.6486486486486487,0.6486486486486487,0.6485072951739618,0.6444690144690146,"{'clf__C': 8, 'clf__solver': 'sag', 'tfidf__use_idf': False, 'vect__ngram_range': (1, 1), 'vect__stemming': True, 'vect__stop_words': 'english'}",LRC
