,precision macro average,precision weighted average,recall macro average,recall weighted average,accuracy,F1 macro average,F1 weighted average,GS Best Params,classifier
0,0.7714285714285714,0.7945945945945946,0.7752136752136751,0.7702702702702703,0.7702702702702703,0.7637393574365713,0.7743326940378589,"{'clf__alpha': 0.4, 'clf__fit_prior': False, 'tfidf__use_idf': False, 'vect__ngram_range': (1, 1), 'vect__stemming': True, 'vect__stop_words': 'english'}",MNB
0,0.7623877137061722,0.7736183010016681,0.7581196581196581,0.7702702702702703,0.7702702702702703,0.7589789520824004,0.7706079568148534,"{'clf__C': 1, 'clf__loss': 'hinge', 'tfidf__use_idf': False, 'vect__ngram_range': (1, 2), 'vect__stemming': True, 'vect__stop_words': 'english'}",LSVC
0,0.8038150932887774,0.8156539998645261,0.8079772079772081,0.8108108108108109,0.8108108108108109,0.804558944909822,0.8117562797505898,"{'clf__alpha': 0.01, 'tfidf__use_idf': False, 'vect__ngram_range': (1, 2), 'vect__stemming': True, 'vect__stop_words': 'english'}",SGDC
0,0.6821428571428573,0.7109073359073359,0.6527065527065528,0.6351351351351351,0.6351351351351351,0.6323358487292913,0.6332257315863874,"{'clf__criterion': 'entropy', 'tfidf__use_idf': False, 'vect__ngram_range': (1, 1), 'vect__stemming': True, 'vect__stop_words': 'english'}",RFC
0,0.7862712336396546,0.8028517239043556,0.7894586894586895,0.7972972972972973,0.7972972972972973,0.7865409268918041,0.7986079963320362,"{'clf__C': 4, 'clf__solver': 'saga', 'tfidf__use_idf': False, 'vect__ngram_range': (1, 2), 'vect__stemming': True, 'vect__stop_words': 'english'}",LRC
