,precision macro average,precision weighted average,recall macro average,recall weighted average,accuracy,F1 macro average,F1 weighted average,GS Best Params,classifier
0,0.7145299145299145,0.7296604296604297,0.7102478418267891,0.7027027027027027,0.7027027027027027,0.6973180076628352,0.7014600807704257,"{'clf__alpha': 0.4, 'clf__fit_prior': True, 'tfidf__use_idf': False, 'vect__ngram_range': (1, 1), 'vect__stemming': True, 'vect__stop_words': 'english'}",MNB
0,0.7240686274509803,0.719181240063593,0.7121971595655806,0.7162162162162162,0.7162162162162162,0.7159544159544161,0.7155116655116656,"{'clf__C': 1, 'clf__loss': 'squared_hinge', 'tfidf__use_idf': False, 'vect__ngram_range': (1, 2), 'vect__stemming': True, 'vect__stop_words': 'english'}",LSVC
0,0.7417989417989418,0.737151437151437,0.728859184999536,0.7297297297297297,0.7297297297297297,0.7284427284427283,0.7258339420501582,"{'clf__alpha': 0.01, 'tfidf__use_idf': False, 'vect__ngram_range': (1, 2), 'vect__stemming': True, 'vect__stop_words': 'english'}",SGDC
0,0.6676003734827264,0.6570898629722158,0.6434140907825118,0.6351351351351351,0.6351351351351351,0.6276635584016778,0.6152444152949714,"{'clf__criterion': 'gini', 'tfidf__use_idf': False, 'vect__ngram_range': (1, 1), 'vect__stemming': True, 'vect__stop_words': 'english'}",RFC
0,0.6936274509803922,0.691938261791203,0.6823076209041122,0.6891891891891891,0.6891891891891891,0.6848816029143898,0.6873430807857037,"{'clf__C': 6, 'clf__solver': 'newton-cg', 'tfidf__use_idf': False, 'vect__ngram_range': (1, 1), 'vect__stemming': True, 'vect__stop_words': 'english'}",LRC
