,precision macro average,precision weighted average,recall macro average,recall weighted average,accuracy,F1 macro average,F1 weighted average,GS Best Params,classifier
0,0.6905555555555556,0.7315315315315316,0.7114969135802469,0.6891891891891891,0.6891891891891891,0.6826007326007325,0.6957231957231957,"{'clf__alpha': 0.4, 'clf__fit_prior': False, 'tfidf__use_idf': False, 'vect__ngram_range': (1, 2), 'vect__stemming': True, 'vect__stop_words': 'english'}",MNB
0,0.7200138026224984,0.7757680040288736,0.7233024691358025,0.6891891891891891,0.6891891891891891,0.6856743535988818,0.702736698963114,"{'clf__C': 1, 'clf__loss': 'squared_hinge', 'tfidf__use_idf': False, 'vect__ngram_range': (1, 2), 'vect__stemming': True, 'vect__stop_words': 'english'}",LSVC
0,0.7112554112554114,0.7705510705510706,0.7084876543209878,0.6621621621621622,0.6621621621621622,0.6613247863247863,0.6760654885654885,"{'clf__alpha': 0.01, 'tfidf__use_idf': False, 'vect__ngram_range': (1, 1), 'vect__stemming': True, 'vect__stop_words': 'english'}",SGDC
0,0.6862068965517242,0.7767474370922647,0.49459876543209874,0.3918918918918919,0.3918918918918919,0.386393603408744,0.37763949182721956,"{'clf__criterion': 'entropy', 'tfidf__use_idf': False, 'vect__ngram_range': (1, 1), 'vect__stemming': True, 'vect__stop_words': 'english'}",RFC
0,0.7005133796737995,0.7549591297717234,0.7010802469135803,0.6756756756756757,0.6756756756756757,0.6707070707070706,0.6907452907452907,"{'clf__C': 10, 'clf__solver': 'saga', 'tfidf__use_idf': False, 'vect__ngram_range': (1, 2), 'vect__stemming': True, 'vect__stop_words': 'english'}",LRC
