,precision macro average,precision weighted average,recall macro average,recall weighted average,accuracy,F1 macro average,F1 weighted average,GS Best Params,classifier
0,0.7161904761904762,0.7161389961389961,0.7147435897435898,0.7162162162162162,0.7162162162162162,0.7140337616528093,0.7147555718984291,"{'clf__alpha': 0.4, 'clf__fit_prior': True, 'tfidf__use_idf': False, 'vect__ngram_range': (1, 2), 'vect__stemming': True, 'vect__stop_words': 'english'}",MNB
0,0.7425213675213675,0.7427234927234928,0.7446581196581197,0.7432432432432432,0.7432432432432432,0.7427777777777779,0.7421621621621621,"{'clf__C': 1, 'clf__loss': 'hinge', 'tfidf__use_idf': False, 'vect__ngram_range': (1, 1), 'vect__stemming': True, 'vect__stop_words': 'english'}",LSVC
0,0.7433333333333333,0.7427027027027027,0.7446581196581197,0.7432432432432432,0.7432432432432432,0.743797519007603,0.7427727847895915,"{'clf__alpha': 0.01, 'tfidf__use_idf': False, 'vect__ngram_range': (1, 2), 'vect__stemming': True, 'vect__stop_words': 'english'}",SGDC
0,0.6636937941285767,0.6686251468860165,0.5854700854700855,0.581081081081081,0.581081081081081,0.5684981684981686,0.5683793683793684,"{'clf__criterion': 'entropy', 'tfidf__use_idf': False, 'vect__ngram_range': (1, 1), 'vect__stemming': True, 'vect__stop_words': 'english'}",RFC
0,0.7886002886002886,0.7865917865917866,0.7841880341880342,0.7837837837837838,0.7837837837837838,0.7855609232420827,0.7843495669582626,"{'clf__C': 8, 'clf__solver': 'liblinear', 'tfidf__use_idf': False, 'vect__ngram_range': (1, 2), 'vect__stemming': True, 'vect__stop_words': 'english'}",LRC
