,precision macro average,precision weighted average,recall macro average,recall weighted average,accuracy,F1 macro average,F1 weighted average,GS Best Params,classifier
0,0.7254103920770588,0.7408452408452408,0.7293305728088337,0.7162162162162162,0.7162162162162162,0.7155778055903212,0.7155992287656868,"{'clf__alpha': 1, 'clf__fit_prior': False, 'tfidf__use_idf': False, 'vect__ngram_range': (1, 1), 'vect__stemming': True, 'vect__stop_words': 'english'}",MNB
0,0.7562068965517241,0.7566029822926376,0.7579020013802622,0.7567567567567568,0.7567567567567568,0.756378898534748,0.7560414641594883,"{'clf__C': 1, 'clf__loss': 'hinge', 'tfidf__use_idf': False, 'vect__ngram_range': (1, 1), 'vect__stemming': True, 'vect__stop_words': 'english'}",LSVC
0,0.784367816091954,0.7847716682199442,0.7848861283643892,0.7837837837837838,0.7837837837837838,0.7839384961646227,0.7836271316790128,"{'clf__alpha': 0.01, 'tfidf__use_idf': False, 'vect__ngram_range': (1, 2), 'vect__stemming': True, 'vect__stop_words': 'english'}",SGDC
0,0.6878787878787879,0.6891891891891891,0.6888198757763974,0.6891891891891891,0.6891891891891891,0.6881136950904393,0.6889796773517705,"{'clf__criterion': 'gini', 'tfidf__use_idf': False, 'vect__ngram_range': (1, 1), 'vect__stemming': True, 'vect__stop_words': 'english'}",RFC
0,0.7561673708600246,0.757180377870033,0.7592822636300897,0.7567567567567568,0.7567567567567568,0.7575191513427363,0.7567674099010323,"{'clf__C': 4, 'clf__solver': 'saga', 'tfidf__use_idf': False, 'vect__ngram_range': (1, 2), 'vect__stemming': True, 'vect__stop_words': 'english'}",LRC
