,precision macro average,precision weighted average,recall macro average,recall weighted average,accuracy,F1 macro average,F1 weighted average,GS Best Params,classifier
0,0.7021072796934865,0.7040229885057471,0.6993006993006993,0.7027027027027027,0.7027027027027027,0.6994785059901338,0.7020901662762127,"{'clf__alpha': 1, 'clf__fit_prior': True, 'tfidf__use_idf': False, 'vect__ngram_range': (1, 2), 'vect__stemming': True, 'vect__stop_words': 'english'}",MNB
0,0.7251082251082251,0.7314847314847315,0.7191142191142191,0.7162162162162162,0.7162162162162162,0.7166666666666667,0.7186486486486486,"{'clf__C': 1, 'clf__loss': 'hinge', 'tfidf__use_idf': False, 'vect__ngram_range': (1, 1), 'vect__stemming': True, 'vect__stop_words': 'english'}",LSVC
0,0.7176506080014852,0.7236239999397893,0.7062937062937064,0.7027027027027027,0.7027027027027027,0.7026974143955277,0.7039243016601506,"{'clf__alpha': 0.01, 'tfidf__use_idf': False, 'vect__ngram_range': (1, 1), 'vect__stemming': True, 'vect__stop_words': 'english'}",SGDC
0,0.711038961038961,0.7249034749034748,0.6235431235431236,0.6081081081081081,0.6081081081081081,0.6091630591630591,0.6093307593307594,"{'clf__criterion': 'gini', 'tfidf__use_idf': False, 'vect__ngram_range': (1, 1), 'vect__stemming': True, 'vect__stop_words': 'english'}",RFC
0,0.6883333333333334,0.6917567567567567,0.6888111888111887,0.6891891891891891,0.6891891891891891,0.6879795396419436,0.6899149789175365,"{'clf__C': 8, 'clf__solver': 'saga', 'tfidf__use_idf': False, 'vect__ngram_range': (1, 2), 'vect__stemming': True, 'vect__stop_words': 'english'}",LRC
