,precision macro average,precision weighted average,recall macro average,recall weighted average,accuracy,F1 macro average,F1 weighted average,GS Best Params,classifier
0,0.6741681521093286,0.7021456617044851,0.665784706331045,0.6351351351351351,0.6351351351351351,0.6390207245688974,0.632593735168486,"{'clf__alpha': 0.4, 'clf__fit_prior': False, 'tfidf__use_idf': False, 'vect__ngram_range': (1, 1), 'vect__stemming': True, 'vect__stop_words': 'english'}",MNB
0,0.6388888888888888,0.6524774774774774,0.642591533180778,0.6486486486486487,0.6486486486486487,0.6402689051968392,0.6500555779896892,"{'clf__C': 1, 'clf__loss': 'hinge', 'tfidf__use_idf': False, 'vect__ngram_range': (1, 2), 'vect__stemming': True, 'vect__stop_words': 'english'}",LSVC
0,0.6455704789038123,0.6585789085789086,0.653794813119756,0.6486486486486487,0.6486486486486487,0.6467369998846997,0.650358755504034,"{'clf__alpha': 0.01, 'tfidf__use_idf': False, 'vect__ngram_range': (1, 1), 'vect__stemming': True, 'vect__stop_words': 'english'}",SGDC
0,0.714336917562724,0.7073379831444347,0.7097158657513348,0.7027027027027027,0.7027027027027027,0.7114078364078363,0.7044542129001589,"{'clf__criterion': 'entropy', 'tfidf__use_idf': False, 'vect__ngram_range': (1, 1), 'vect__stemming': True, 'vect__stop_words': 'english'}",RFC
0,0.635042735042735,0.6412335412335413,0.6321748665141114,0.6351351351351351,0.6351351351351351,0.6324988583053099,0.63708920029757,"{'clf__C': 8, 'clf__solver': 'liblinear', 'tfidf__use_idf': False, 'vect__ngram_range': (1, 2), 'vect__stemming': True, 'vect__stop_words': 'english'}",LRC
