,precision macro average,precision weighted average,recall macro average,recall weighted average,accuracy,F1 macro average,F1 weighted average,GS Best Params,classifier
0,0.7425213675213675,0.765462577962578,0.7475521498510004,0.7432432432432432,0.7432432432432432,0.7379454926624738,0.7480877103518612,"{'clf__alpha': 0.4, 'clf__fit_prior': True, 'tfidf__use_idf': False, 'vect__ngram_range': (1, 2), 'vect__stemming': True, 'vect__stop_words': 'english'}",MNB
0,0.7196969696969697,0.7515356265356264,0.7113665389527458,0.7027027027027027,0.7027027027027027,0.6996305768684286,0.7129789636183499,"{'clf__C': 1, 'clf__loss': 'hinge', 'tfidf__use_idf': False, 'vect__ngram_range': (1, 1), 'vect__stemming': True, 'vect__stop_words': 'english'}",LSVC
0,0.6858585858585858,0.7160933660933662,0.6760323541932737,0.6621621621621622,0.6621621621621622,0.661031079098306,0.6716930015249343,"{'clf__alpha': 0.01, 'tfidf__use_idf': False, 'vect__ngram_range': (1, 1), 'vect__stemming': True, 'vect__stop_words': 'english'}",SGDC
0,0.639367816091954,0.6878494874184529,0.46934865900383144,0.40540540540540543,0.40540540540540543,0.3895346474293842,0.38219928931166486,"{'clf__criterion': 'entropy', 'tfidf__use_idf': False, 'vect__ngram_range': (1, 1), 'vect__stemming': True, 'vect__stop_words': 'english'}",RFC
0,0.6983516483516484,0.7322690822690824,0.6822051936994465,0.6756756756756757,0.6756756756756757,0.6722974669769467,0.6870071088985891,"{'clf__C': 6, 'clf__solver': 'newton-cg', 'tfidf__use_idf': False, 'vect__ngram_range': (1, 2), 'vect__stemming': True, 'vect__stop_words': 'english'}",LRC
