,precision macro average,precision weighted average,recall macro average,recall weighted average,accuracy,F1 macro average,F1 weighted average,GS Best Params,classifier
0,0.5962318840579711,0.6048296122209167,0.5953968253968255,0.5945945945945946,0.5945945945945946,0.5926780855524333,0.5967921454171955,"{'clf__alpha': 1, 'clf__fit_prior': False, 'tfidf__use_idf': False, 'vect__ngram_range': (1, 2), 'vect__stemming': True, 'vect__stop_words': 'english'}",MNB
0,0.6678053830227743,0.6789952996474735,0.6480952380952382,0.6351351351351351,0.6351351351351351,0.6316298877274487,0.6324434190287849,"{'clf__C': 1, 'clf__loss': 'hinge', 'tfidf__use_idf': False, 'vect__ngram_range': (1, 2), 'vect__stemming': True, 'vect__stop_words': 'english'}",LSVC
0,0.6977513227513228,0.7073680823680824,0.663968253968254,0.6486486486486487,0.6486486486486487,0.6452991452991452,0.6444906444906445,"{'clf__alpha': 0.01, 'tfidf__use_idf': False, 'vect__ngram_range': (1, 2), 'vect__stemming': True, 'vect__stop_words': 'english'}",SGDC
0,0.6296296296296297,0.6422961422961424,0.5193650793650794,0.4864864864864865,0.4864864864864865,0.46959244773753134,0.4621403306177583,"{'clf__criterion': 'entropy', 'tfidf__use_idf': False, 'vect__ngram_range': (1, 1), 'vect__stemming': True, 'vect__stop_words': 'english'}",RFC
0,0.657031857031857,0.6644931644931644,0.6466666666666666,0.6351351351351351,0.6351351351351351,0.6277777777777777,0.6272522522522521,"{'clf__C': 8, 'clf__solver': 'liblinear', 'tfidf__use_idf': False, 'vect__ngram_range': (1, 1), 'vect__stemming': True, 'vect__stop_words': 'english'}",LRC
