,precision macro average,precision weighted average,recall macro average,recall weighted average,accuracy,F1 macro average,F1 weighted average,GS Best Params,classifier
0,0.7522875816993464,0.7511393746687864,0.735930735930736,0.7432432432432432,0.7432432432432432,0.7389781730552522,0.7424722272592456,"{'clf__alpha': 1, 'clf__fit_prior': True, 'tfidf__use_idf': False, 'vect__ngram_range': (1, 1), 'vect__stemming': True, 'vect__stop_words': 'english'}",MNB
0,0.7426739926739927,0.7448024948024947,0.739177489177489,0.7432432432432432,0.7432432432432432,0.7399999999999999,0.7431660231660232,"{'clf__C': 1, 'clf__loss': 'squared_hinge', 'tfidf__use_idf': False, 'vect__ngram_range': (1, 2), 'vect__stemming': True, 'vect__stop_words': 'english'}",LSVC
0,0.7595402298850574,0.7605591798695247,0.7568542568542568,0.7567567567567568,0.7567567567567568,0.7550533328808804,0.7556708698925944,"{'clf__alpha': 0.01, 'tfidf__use_idf': False, 'vect__ngram_range': (1, 1), 'vect__stemming': True, 'vect__stop_words': 'english'}",SGDC
0,0.719603887768201,0.728986275841218,0.6634199134199134,0.6486486486486487,0.6486486486486487,0.6455144954585045,0.6445527274194687,"{'clf__criterion': 'entropy', 'tfidf__use_idf': False, 'vect__ngram_range': (1, 1), 'vect__stemming': True, 'vect__stop_words': 'english'}",RFC
0,0.7558730158730159,0.7573230373230373,0.7543290043290044,0.7567567567567568,0.7567567567567568,0.7548647365923115,0.7568208930335176,"{'clf__C': 8, 'clf__solver': 'liblinear', 'tfidf__use_idf': False, 'vect__ngram_range': (1, 1), 'vect__stemming': True, 'vect__stop_words': 'english'}",LRC
