,precision macro average,precision weighted average,recall macro average,recall weighted average,accuracy,F1 macro average,F1 weighted average,GS Best Params,classifier
0,0.6655982905982906,0.67251386001386,0.6777451938742262,0.6621621621621622,0.6621621621621622,0.6655117315616853,0.660698188727791,"{'clf__alpha': 1, 'clf__fit_prior': True, 'tfidf__use_idf': False, 'vect__ngram_range': (1, 2), 'vect__stemming': True, 'vect__stop_words': 'english'}",MNB
0,0.7053535353535354,0.7113963963963965,0.6978075687753108,0.6891891891891891,0.6891891891891891,0.6848309348309348,0.6845585933423771,"{'clf__C': 1, 'clf__loss': 'hinge', 'tfidf__use_idf': False, 'vect__ngram_range': (1, 1), 'vect__stemming': True, 'vect__stop_words': 'english'}",LSVC
0,0.7044299201161945,0.708826473532356,0.7085602569473538,0.7027027027027027,0.7027027027027027,0.6968216296709944,0.6968316913870453,"{'clf__alpha': 0.01, 'tfidf__use_idf': False, 'vect__ngram_range': (1, 1), 'vect__stemming': True, 'vect__stop_words': 'english'}",SGDC
0,0.6772727272727272,0.6905405405405406,0.6073872364194944,0.581081081081081,0.581081081081081,0.588054457619675,0.5789267528397964,"{'clf__criterion': 'entropy', 'tfidf__use_idf': False, 'vect__ngram_range': (1, 1), 'vect__stemming': True, 'vect__stop_words': 'english'}",RFC
0,0.6701388888888888,0.6798986486486487,0.6719033654517527,0.6621621621621622,0.6621621621621622,0.6578779245445913,0.658046858046858,"{'clf__C': 4, 'clf__solver': 'liblinear', 'tfidf__use_idf': False, 'vect__ngram_range': (1, 1), 'vect__stemming': True, 'vect__stop_words': 'english'}",LRC
