,precision macro average,precision weighted average,recall macro average,recall weighted average,accuracy,F1 macro average,F1 weighted average,GS Best Params,classifier
0,0.7612205801860975,0.7617216970665247,0.7583333333333334,0.7567567567567568,0.7567567567567568,0.7554257141741029,0.7549253477414735,"{'clf__alpha': 1, 'clf__fit_prior': True, 'tfidf__use_idf': False, 'vect__ngram_range': (1, 2), 'vect__stemming': True, 'vect__stop_words': 'english'}",MNB
0,0.7612205801860975,0.7617216970665247,0.7583333333333334,0.7567567567567568,0.7567567567567568,0.7554257141741029,0.7549253477414735,"{'clf__C': 1, 'clf__loss': 'hinge', 'tfidf__use_idf': False, 'vect__ngram_range': (1, 1), 'vect__stemming': True, 'vect__stop_words': 'english'}",LSVC
0,0.794712643678161,0.7956663560111836,0.785,0.7837837837837838,0.7837837837837838,0.7841509433962264,0.784038755736869,"{'clf__alpha': 0.01, 'tfidf__use_idf': False, 'vect__ngram_range': (1, 2), 'vect__stemming': True, 'vect__stop_words': 'english'}",SGDC
0,0.6888111888111887,0.6889056889056889,0.6349999999999999,0.6351351351351351,0.6351351351351351,0.6291237604881769,0.6288122719401322,"{'clf__criterion': 'gini', 'tfidf__use_idf': False, 'vect__ngram_range': (1, 1), 'vect__stemming': True, 'vect__stop_words': 'english'}",RFC
0,0.8018586351919685,0.8017798017798018,0.7983333333333333,0.7972972972972973,0.7972972972972973,0.7972798216276478,0.7967025219199133,"{'clf__C': 6, 'clf__solver': 'sag', 'tfidf__use_idf': False, 'vect__ngram_range': (1, 1), 'vect__stemming': True, 'vect__stop_words': 'english'}",LRC
