,precision macro average,precision weighted average,recall macro average,recall weighted average,accuracy,F1 macro average,F1 weighted average,GS Best Params,classifier
0,0.6898412698412698,0.6892149292149293,0.6933760683760682,0.6891891891891891,0.6891891891891891,0.687854192413463,0.6853647461550197,"{'clf__alpha': 0.4, 'clf__fit_prior': False, 'tfidf__use_idf': False, 'vect__ngram_range': (1, 1), 'vect__stemming': True, 'vect__stop_words': 'english'}",MNB
0,0.695959595959596,0.6942669942669942,0.6880341880341881,0.6891891891891891,0.6891891891891891,0.6899585921325051,0.6896508309551788,"{'clf__C': 1, 'clf__loss': 'squared_hinge', 'tfidf__use_idf': False, 'vect__ngram_range': (1, 2), 'vect__stemming': True, 'vect__stop_words': 'english'}",LSVC
0,0.6981481481481482,0.695045045045045,0.672008547008547,0.6756756756756757,0.6756756756756757,0.6731368989433507,0.6732526409945765,"{'clf__alpha': 0.01, 'tfidf__use_idf': False, 'vect__ngram_range': (1, 1), 'vect__stemming': True, 'vect__stop_words': 'english'}",SGDC
0,0.6768617021276596,0.6712190914318573,0.5598290598290597,0.5675675675675675,0.5675675675675675,0.5604370515329419,0.5615803670598191,"{'clf__criterion': 'entropy', 'tfidf__use_idf': False, 'vect__ngram_range': (1, 1), 'vect__stemming': True, 'vect__stop_words': 'english'}",RFC
0,0.6672187715665977,0.6654020480107438,0.6613247863247863,0.6621621621621622,0.6621621621621622,0.6621974558144772,0.6616747446534681,"{'clf__C': 10, 'clf__solver': 'liblinear', 'tfidf__use_idf': False, 'vect__ngram_range': (1, 2), 'vect__stemming': True, 'vect__stop_words': 'english'}",LRC
