,precision macro average,precision weighted average,recall macro average,recall weighted average,accuracy,F1 macro average,F1 weighted average,GS Best Params,classifier
0,0.7298850574712644,0.7302889095992544,0.7277777777777779,0.7297297297297297,0.7297297297297297,0.7257014590347924,0.7269087269087269,"{'clf__alpha': 1, 'clf__fit_prior': True, 'tfidf__use_idf': False, 'vect__ngram_range': (1, 2), 'vect__stemming': True, 'vect__stop_words': 'english'}",MNB
0,0.7401234567901235,0.7416166166166167,0.7294444444444445,0.7297297297297297,0.7297297297297297,0.7304843304843306,0.7313467313467314,"{'clf__C': 1, 'clf__loss': 'squared_hinge', 'tfidf__use_idf': False, 'vect__ngram_range': (1, 1), 'vect__stemming': True, 'vect__stop_words': 'english'}",LSVC
0,0.7711111111111112,0.7718018018018018,0.77,0.7702702702702703,0.7702702702702703,0.7703401360544219,0.7708218422504137,"{'clf__alpha': 0.01, 'tfidf__use_idf': False, 'vect__ngram_range': (1, 1), 'vect__stemming': True, 'vect__stop_words': 'english'}",SGDC
0,0.6586240310077519,0.6609247328724073,0.5983333333333333,0.5945945945945946,0.5945945945945946,0.5878170124984833,0.5872893279154656,"{'clf__criterion': 'gini', 'tfidf__use_idf': False, 'vect__ngram_range': (1, 1), 'vect__stemming': True, 'vect__stop_words': 'english'}",RFC
0,0.7505765839099171,0.7518837518837519,0.7427777777777779,0.7432432432432432,0.7432432432432432,0.7439464882943144,0.7448106300280213,"{'clf__C': 8, 'clf__solver': 'newton-cg', 'tfidf__use_idf': False, 'vect__ngram_range': (1, 1), 'vect__stemming': True, 'vect__stop_words': 'english'}",LRC
