,precision macro average,precision weighted average,recall macro average,recall weighted average,accuracy,F1 macro average,F1 weighted average,GS Best Params,classifier
0,0.6757876122667411,0.7147616693896186,0.6772993088782563,0.6486486486486487,0.6486486486486487,0.6485042735042735,0.6502512127512127,"{'clf__alpha': 0.4, 'clf__fit_prior': False, 'tfidf__use_idf': False, 'vect__ngram_range': (1, 1), 'vect__stemming': True, 'vect__stop_words': 'english'}",MNB
0,0.6856663260837834,0.7032342881488991,0.6874003189792663,0.6891891891891891,0.6891891891891891,0.6773504273504273,0.6885828135828136,"{'clf__C': 1, 'clf__loss': 'hinge', 'tfidf__use_idf': False, 'vect__ngram_range': (1, 1), 'vect__stemming': True, 'vect__stop_words': 'english'}",LSVC
0,0.6972413793103448,0.7243616029822927,0.7049441786283891,0.6891891891891891,0.6891891891891891,0.685823754789272,0.6922957440198819,"{'clf__alpha': 0.01, 'tfidf__use_idf': False, 'vect__ngram_range': (1, 1), 'vect__stemming': True, 'vect__stop_words': 'english'}",SGDC
0,0.7741758241758242,0.7929462429462429,0.7807017543859649,0.7702702702702703,0.7702702702702703,0.76917338884552,0.7741601085863382,"{'clf__criterion': 'gini', 'tfidf__use_idf': False, 'vect__ngram_range': (1, 1), 'vect__stemming': True, 'vect__stop_words': 'english'}",RFC
0,0.6942640692640693,0.7159749034749036,0.7076023391812866,0.7027027027027027,0.7027027027027027,0.6960454718746751,0.7046089169611854,"{'clf__C': 6, 'clf__solver': 'newton-cg', 'tfidf__use_idf': False, 'vect__ngram_range': (1, 2), 'vect__stemming': True, 'vect__stop_words': 'english'}",LRC
