,precision macro average,precision weighted average,recall macro average,recall weighted average,accuracy,F1 macro average,F1 weighted average,GS Best Params,classifier
0,0.7158119658119658,0.721543659043659,0.7151739618406285,0.7162162162162162,0.7162162162162162,0.714123330491617,0.7174719476509758,"{'clf__alpha': 0.4, 'clf__fit_prior': True, 'tfidf__use_idf': False, 'vect__ngram_range': (1, 1), 'vect__stemming': True, 'vect__stop_words': 'english'}",MNB
0,0.7540291806958473,0.7567567567567568,0.7540291806958473,0.7567567567567568,0.7567567567567568,0.7540291806958473,0.7567567567567568,"{'clf__C': 1, 'clf__loss': 'hinge', 'tfidf__use_idf': False, 'vect__ngram_range': (1, 1), 'vect__stemming': True, 'vect__stop_words': 'english'}",LSVC
0,0.7254901960784315,0.7211446740858506,0.7130415263748597,0.7162162162162162,0.7162162162162162,0.7127417815942406,0.7118664331779085,"{'clf__alpha': 0.01, 'tfidf__use_idf': False, 'vect__ngram_range': (1, 1), 'vect__stemming': True, 'vect__stop_words': 'english'}",SGDC
0,0.6321409644939057,0.6289412624070811,0.6038832772166105,0.6081081081081081,0.6081081081081081,0.6051587301587301,0.6051319176319176,"{'clf__criterion': 'gini', 'tfidf__use_idf': False, 'vect__ngram_range': (1, 1), 'vect__stemming': True, 'vect__stop_words': 'english'}",RFC
0,0.7534889962426194,0.7574911868390128,0.7540291806958473,0.7567567567567568,0.7567567567567568,0.7535399344923155,0.7569160997732427,"{'clf__C': 6, 'clf__solver': 'saga', 'tfidf__use_idf': False, 'vect__ngram_range': (1, 1), 'vect__stemming': True, 'vect__stop_words': 'english'}",LRC
