,precision macro average,precision weighted average,recall macro average,recall weighted average,accuracy,F1 macro average,F1 weighted average,GS Best Params,classifier
0,0.6763110733823806,0.6848519784640328,0.6637144390767579,0.6621621621621622,0.6621621621621622,0.6587054635158243,0.6616291676421187,"{'clf__alpha': 0.4, 'clf__fit_prior': False, 'tfidf__use_idf': False, 'vect__ngram_range': (1, 2), 'vect__stemming': True, 'vect__stop_words': 'english'}",MNB
0,0.7064765300059417,0.7136146842029195,0.6827697262479872,0.6756756756756757,0.6756756756756757,0.6763285024154589,0.6760673717195457,"{'clf__C': 1, 'clf__loss': 'hinge', 'tfidf__use_idf': False, 'vect__ngram_range': (1, 2), 'vect__stemming': True, 'vect__stop_words': 'english'}",LSVC
0,0.7211158526947999,0.7263273230556304,0.6833735909822867,0.6756756756756757,0.6756756756756757,0.6777087646652863,0.6768227855184377,"{'clf__alpha': 0.01, 'tfidf__use_idf': False, 'vect__ngram_range': (1, 1), 'vect__stemming': True, 'vect__stop_words': 'english'}",SGDC
0,0.7257142857142856,0.7369111969111968,0.5821256038647342,0.5675675675675675,0.5675675675675675,0.5644692998694439,0.561160899787919,"{'clf__criterion': 'entropy', 'tfidf__use_idf': False, 'vect__ngram_range': (1, 1), 'vect__stemming': True, 'vect__stop_words': 'english'}",RFC
0,0.6799242424242425,0.6877303439803439,0.6435856146001074,0.6351351351351351,0.6351351351351351,0.6368242760763883,0.6358801604641436,"{'clf__C': 10, 'clf__solver': 'liblinear', 'tfidf__use_idf': False, 'vect__ngram_range': (1, 1), 'vect__stemming': True, 'vect__stop_words': 'english'}",LRC
