,precision macro average,precision weighted average,recall macro average,recall weighted average,accuracy,F1 macro average,F1 weighted average,GS Best Params,classifier
0,0.7844322344322344,0.8058880308880308,0.7871934478105077,0.7702702702702703,0.7702702702702703,0.7680839930080051,0.7709568013519381,"{'clf__alpha': 0.4, 'clf__fit_prior': True, 'tfidf__use_idf': False, 'vect__ngram_range': (1, 1), 'vect__stemming': True, 'vect__stop_words': 'english'}",MNB
0,0.8098765432098766,0.8125125125125126,0.8143003397086881,0.8108108108108109,0.8108108108108109,0.8114647407100238,0.8110127803524031,"{'clf__C': 1, 'clf__loss': 'hinge', 'tfidf__use_idf': False, 'vect__ngram_range': (1, 1), 'vect__stemming': True, 'vect__stop_words': 'english'}",LSVC
0,0.7301819363222872,0.7303553553553553,0.7305830890222905,0.7297297297297297,0.7297297297297297,0.7302217808672625,0.7298639254945114,"{'clf__alpha': 0.01, 'tfidf__use_idf': False, 'vect__ngram_range': (1, 1), 'vect__stemming': True, 'vect__stop_words': 'english'}",SGDC
0,0.6891339869281046,0.6871687864334922,0.677253478523896,0.6621621621621622,0.6621621621621622,0.666051433493294,0.6573982620494249,"{'clf__criterion': 'gini', 'tfidf__use_idf': False, 'vect__ngram_range': (1, 2), 'vect__stemming': True, 'vect__stop_words': 'english'}",RFC
0,0.7546583850931676,0.7614990767164681,0.7643445483735865,0.7567567567567568,0.7567567567567568,0.7561761546723952,0.7562729216864554,"{'clf__C': 8, 'clf__solver': 'sag', 'tfidf__use_idf': False, 'vect__ngram_range': (1, 1), 'vect__stemming': True, 'vect__stop_words': 'english'}",LRC
