,precision macro average,precision weighted average,recall macro average,recall weighted average,accuracy,F1 macro average,F1 weighted average,GS Best Params,classifier
0,0.7304372041214146,0.7446092709250604,0.7217948717948719,0.7162162162162162,0.7162162162162162,0.7138047138047138,0.7189735189735191,"{'clf__alpha': 0.4, 'clf__fit_prior': True, 'tfidf__use_idf': False, 'vect__ngram_range': (1, 1), 'vect__stemming': True, 'vect__stop_words': 'english'}",MNB
0,0.7568199920350458,0.7726718654138007,0.7413919413919414,0.7297297297297297,0.7297297297297297,0.7241830065359478,0.727715951245363,"{'clf__C': 1, 'clf__loss': 'hinge', 'tfidf__use_idf': False, 'vect__ngram_range': (1, 2), 'vect__stemming': True, 'vect__stop_words': 'english'}",LSVC
0,0.7297619047619048,0.7398648648648649,0.7175824175824176,0.7027027027027027,0.7027027027027027,0.7003174603174603,0.6990990990990991,"{'clf__alpha': 0.01, 'tfidf__use_idf': False, 'vect__ngram_range': (1, 2), 'vect__stemming': True, 'vect__stop_words': 'english'}",SGDC
0,0.70578231292517,0.7344180915609487,0.5582417582417581,0.527027027027027,0.527027027027027,0.5271597967250141,0.5280937628763714,"{'clf__criterion': 'entropy', 'tfidf__use_idf': False, 'vect__ngram_range': (1, 1), 'vect__stemming': True, 'vect__stop_words': 'english'}",RFC
0,0.7182598039215686,0.7356319554848967,0.700915750915751,0.6891891891891891,0.6891891891891891,0.6865753085586346,0.6910706906319017,"{'clf__C': 8, 'clf__solver': 'newton-cg', 'tfidf__use_idf': False, 'vect__ngram_range': (1, 1), 'vect__stemming': True, 'vect__stop_words': 'english'}",LRC
