,precision macro average,precision weighted average,recall macro average,recall weighted average,accuracy,F1 macro average,F1 weighted average,GS Best Params,classifier
0,0.7249952326468344,0.7348726730162657,0.7144660894660895,0.7027027027027027,0.7027027027027027,0.7026530076175467,0.7014461269780419,"{'clf__alpha': 0.4, 'clf__fit_prior': True, 'tfidf__use_idf': False, 'vect__ngram_range': (1, 2), 'vect__stemming': True, 'vect__stop_words': 'english'}",MNB
0,0.7155677655677656,0.7245025245025245,0.7099567099567099,0.7027027027027027,0.7027027027027027,0.702991452991453,0.7031358281358282,"{'clf__C': 1, 'clf__loss': 'hinge', 'tfidf__use_idf': False, 'vect__ngram_range': (1, 1), 'vect__stemming': True, 'vect__stop_words': 'english'}",LSVC
0,0.6901709401709403,0.6906618156618157,0.6960678210678211,0.6891891891891891,0.6891891891891891,0.6909921962095876,0.6876832685528338,"{'clf__alpha': 0.01, 'tfidf__use_idf': False, 'vect__ngram_range': (1, 1), 'vect__stemming': True, 'vect__stop_words': 'english'}",SGDC
0,0.7405982905982906,0.7507623007623008,0.6856060606060606,0.6756756756756757,0.6756756756756757,0.6773717238833518,0.674957349375954,"{'clf__criterion': 'entropy', 'tfidf__use_idf': False, 'vect__ngram_range': (1, 1), 'vect__stemming': True, 'vect__stop_words': 'english'}",RFC
0,0.6846594982078854,0.6939029351932579,0.670995670995671,0.6621621621621622,0.6621621621621622,0.6625234771395734,0.6614687010616705,"{'clf__C': 4, 'clf__solver': 'newton-cg', 'tfidf__use_idf': False, 'vect__ngram_range': (1, 2), 'vect__stemming': True, 'vect__stop_words': 'english'}",LRC
