,precision macro average,precision weighted average,recall macro average,recall weighted average,accuracy,F1 macro average,F1 weighted average,GS Best Params,classifier
0,0.6581415174765558,0.6623695306559757,0.6525093934514224,0.6486486486486487,0.6486486486486487,0.6394465839395237,0.6402486440227133,"{'clf__alpha': 0.4, 'clf__fit_prior': True, 'tfidf__use_idf': False, 'vect__ngram_range': (1, 1), 'vect__stemming': True, 'vect__stop_words': 'english'}",MNB
0,0.746658312447786,0.753581589107905,0.7352388620504563,0.7297297297297297,0.7297297297297297,0.7300369423131573,0.7302020690767494,"{'clf__C': 1, 'clf__loss': 'squared_hinge', 'tfidf__use_idf': False, 'vect__ngram_range': (1, 2), 'vect__stemming': True, 'vect__stop_words': 'english'}",LSVC
0,0.7457825567502988,0.7556320836965998,0.7213499731615673,0.7162162162162162,0.7162162162162162,0.7177122700932225,0.7194357622929052,"{'clf__alpha': 0.01, 'tfidf__use_idf': False, 'vect__ngram_range': (1, 2), 'vect__stemming': True, 'vect__stop_words': 'english'}",SGDC
0,0.7700320512820512,0.780925155925156,0.7355743424584004,0.7297297297297297,0.7297297297297297,0.7293545325106786,0.7304352287740992,"{'clf__criterion': 'entropy', 'tfidf__use_idf': False, 'vect__ngram_range': (1, 1), 'vect__stemming': True, 'vect__stop_words': 'english'}",RFC
0,0.7474056494020195,0.7546249306684878,0.7352388620504563,0.7297297297297297,0.7297297297297297,0.7299665551839465,0.730327216848956,"{'clf__C': 6, 'clf__solver': 'liblinear', 'tfidf__use_idf': False, 'vect__ngram_range': (1, 1), 'vect__stemming': True, 'vect__stop_words': 'english'}",LRC
