,precision macro average,precision weighted average,recall macro average,recall weighted average,accuracy,F1 macro average,F1 weighted average,GS Best Params,classifier
0,0.5889694041867954,0.6148159028593811,0.59168458781362,0.581081081081081,0.581081081081081,0.5781305114638449,0.5865436865436866,"{'clf__alpha': 1, 'clf__fit_prior': False, 'tfidf__use_idf': False, 'vect__ngram_range': (1, 2), 'vect__stemming': True, 'vect__stop_words': 'english'}",MNB
0,0.6618421052631579,0.6692745376955903,0.6488410991636798,0.6756756756756757,0.6756756756756757,0.649540589182533,0.6661290446456687,"{'clf__C': 1, 'clf__loss': 'hinge', 'tfidf__use_idf': False, 'vect__ngram_range': (1, 2), 'vect__stemming': True, 'vect__stop_words': 'english'}",LSVC
0,0.6421095008051529,0.644029899464682,0.6273357228195938,0.6486486486486487,0.6486486486486487,0.6313319764812303,0.6430417018103586,"{'clf__alpha': 0.01, 'tfidf__use_idf': False, 'vect__ngram_range': (1, 1), 'vect__stemming': True, 'vect__stop_words': 'english'}",SGDC
0,0.6168276972624799,0.6317241154197676,0.5976821983273596,0.6081081081081081,0.6081081081081081,0.5910508433442543,0.6039475496610553,"{'clf__criterion': 'entropy', 'tfidf__use_idf': False, 'vect__ngram_range': (1, 1), 'vect__stemming': True, 'vect__stop_words': 'english'}",RFC
0,0.6171310629514964,0.6253033218977491,0.6114217443249701,0.6351351351351351,0.6351351351351351,0.6083505866114564,0.6236220692742431,"{'clf__C': 4, 'clf__solver': 'saga', 'tfidf__use_idf': False, 'vect__ngram_range': (1, 2), 'vect__stemming': True, 'vect__stop_words': 'english'}",LRC
