,precision macro average,precision weighted average,recall macro average,recall weighted average,accuracy,F1 macro average,F1 weighted average,GS Best Params,classifier
0,0.6960317460317459,0.7086550836550837,0.698735632183908,0.6891891891891891,0.6891891891891891,0.6878825995807127,0.6888900220975692,"{'clf__alpha': 1, 'clf__fit_prior': False, 'tfidf__use_idf': False, 'vect__ngram_range': (1, 2), 'vect__stemming': True, 'vect__stop_words': 'english'}",MNB
0,0.6721723172027433,0.6761455747256965,0.6665517241379311,0.6756756756756757,0.6756756756756757,0.6666842280877369,0.6734508334792829,"{'clf__C': 1, 'clf__loss': 'hinge', 'tfidf__use_idf': False, 'vect__ngram_range': (1, 2), 'vect__stemming': True, 'vect__stop_words': 'english'}",LSVC
0,0.6875266070668369,0.6918125021573297,0.6832183908045977,0.6891891891891891,0.6891891891891891,0.6831894551192796,0.6883575304627936,"{'clf__alpha': 0.01, 'tfidf__use_idf': False, 'vect__ngram_range': (1, 1), 'vect__stemming': True, 'vect__stop_words': 'english'}",SGDC
0,0.6941798941798941,0.6987987987987989,0.6791954022988506,0.6891891891891891,0.6891891891891891,0.6784363773870297,0.6852972513068939,"{'clf__criterion': 'entropy', 'tfidf__use_idf': False, 'vect__ngram_range': (1, 1), 'vect__stemming': True, 'vect__stop_words': 'english'}",RFC
0,0.6830146450639809,0.6868853235077144,0.6762068965517241,0.6891891891891891,0.6891891891891891,0.6779367602897014,0.6865623970552429,"{'clf__C': 6, 'clf__solver': 'liblinear', 'tfidf__use_idf': False, 'vect__ngram_range': (1, 2), 'vect__stemming': True, 'vect__stop_words': 'english'}",LRC
