,precision macro average,precision weighted average,recall macro average,recall weighted average,accuracy,F1 macro average,F1 weighted average,GS Best Params,classifier
0,0.6687216248506571,0.6778688365785139,0.6603535353535354,0.6486486486486487,0.6486486486486487,0.6480275457188619,0.6460776626017456,"{'clf__alpha': 0.4, 'clf__fit_prior': True, 'tfidf__use_idf': False, 'vect__ngram_range': (1, 1), 'vect__stemming': True, 'vect__stop_words': 'english'}",MNB
0,0.7008547008547009,0.7054747054747055,0.7002164502164502,0.7027027027027027,0.7027027027027027,0.699261961459864,0.7028040352253758,"{'clf__C': 1, 'clf__loss': 'hinge', 'tfidf__use_idf': False, 'vect__ngram_range': (1, 1), 'vect__stemming': True, 'vect__stop_words': 'english'}",LSVC
0,0.6906130268199234,0.6944703324013669,0.6902958152958153,0.6891891891891891,0.6891891891891891,0.6868172050269461,0.6880776209429127,"{'clf__alpha': 0.01, 'tfidf__use_idf': False, 'vect__ngram_range': (1, 1), 'vect__stemming': True, 'vect__stop_words': 'english'}",SGDC
0,0.7607425607425607,0.754127100073046,0.7106782106782106,0.7162162162162162,0.7162162162162162,0.7176379176379176,0.7168399168399168,"{'clf__criterion': 'entropy', 'tfidf__use_idf': False, 'vect__ngram_range': (1, 1), 'vect__stemming': True, 'vect__stop_words': 'english'}",RFC
0,0.6875593542260209,0.6889966889966889,0.6883116883116882,0.6891891891891891,0.6891891891891891,0.6873572938689216,0.6885275127135592,"{'clf__C': 4, 'clf__solver': 'liblinear', 'tfidf__use_idf': False, 'vect__ngram_range': (1, 1), 'vect__stemming': True, 'vect__stop_words': 'english'}",LRC
