,precision macro average,precision weighted average,recall macro average,recall weighted average,accuracy,F1 macro average,F1 weighted average,GS Best Params,classifier
0,0.7046903128497056,0.7020784103326797,0.6991718426501036,0.7027027027027027,0.7027027027027027,0.6985379138713294,0.6994004093720597,"{'clf__alpha': 1, 'clf__fit_prior': False, 'tfidf__use_idf': False, 'vect__ngram_range': (1, 2), 'vect__stemming': True, 'vect__stop_words': 'english'}",MNB
0,0.702991452991453,0.702962577962578,0.7148378191856453,0.7027027027027027,0.7027027027027027,0.7066419002589216,0.7004874175086941,"{'clf__C': 1, 'clf__loss': 'hinge', 'tfidf__use_idf': False, 'vect__ngram_range': (1, 2), 'vect__stemming': True, 'vect__stop_words': 'english'}",LSVC
0,0.6676023391812865,0.6724039829302987,0.6602484472049689,0.6486486486486487,0.6486486486486487,0.6533061709532298,0.6506823859765036,"{'clf__alpha': 0.01, 'tfidf__use_idf': False, 'vect__ngram_range': (1, 1), 'vect__stemming': True, 'vect__stop_words': 'english'}",SGDC
0,0.7624434389140271,0.77589580530757,0.7160110420979985,0.6891891891891891,0.6891891891891891,0.6972222222222221,0.6912162162162162,"{'clf__criterion': 'gini', 'tfidf__use_idf': False, 'vect__ngram_range': (1, 1), 'vect__stemming': True, 'vect__stop_words': 'english'}",RFC
0,0.6676023391812865,0.6724039829302987,0.6602484472049689,0.6486486486486487,0.6486486486486487,0.6533061709532298,0.6506823859765036,"{'clf__C': 4, 'clf__solver': 'newton-cg', 'tfidf__use_idf': False, 'vect__ngram_range': (1, 1), 'vect__stemming': True, 'vect__stop_words': 'english'}",LRC
