,precision macro average,precision weighted average,recall macro average,recall weighted average,accuracy,F1 macro average,F1 weighted average,GS Best Params,classifier
0,0.6966338259441708,0.7146851284782318,0.6939836003051106,0.6756756756756757,0.6756756756756757,0.6814574314574315,0.6820668070668071,"{'clf__alpha': 0.4, 'clf__fit_prior': False, 'tfidf__use_idf': False, 'vect__ngram_range': (1, 2), 'vect__stemming': True, 'vect__stop_words': 'english'}",MNB
0,0.7072386425834702,0.7208288953978609,0.71505530129672,0.7162162162162162,0.7162162162162162,0.7099407045692362,0.7172663769454841,"{'clf__C': 1, 'clf__loss': 'hinge', 'tfidf__use_idf': False, 'vect__ngram_range': (1, 1), 'vect__stemming': True, 'vect__stop_words': 'english'}",LSVC
0,0.7061728395061727,0.7206206206206207,0.7191313882532419,0.7162162162162162,0.7162162162162162,0.709083007388092,0.714486063638606,"{'clf__alpha': 0.01, 'tfidf__use_idf': False, 'vect__ngram_range': (1, 2), 'vect__stemming': True, 'vect__stop_words': 'english'}",SGDC
0,0.7574509803921569,0.7628934817170111,0.7480930587337911,0.7432432432432432,0.7432432432432432,0.7424242424242423,0.7441646191646191,"{'clf__criterion': 'entropy', 'tfidf__use_idf': False, 'vect__ngram_range': (1, 1), 'vect__stemming': True, 'vect__stop_words': 'english'}",RFC
0,0.6948431685273789,0.7031768610715979,0.6819937070938215,0.6891891891891891,0.6891891891891891,0.6849876410852022,0.693133980938859,"{'clf__C': 4, 'clf__solver': 'newton-cg', 'tfidf__use_idf': False, 'vect__ngram_range': (1, 2), 'vect__stemming': True, 'vect__stop_words': 'english'}",LRC
