,precision macro average,precision weighted average,recall macro average,recall weighted average,accuracy,F1 macro average,F1 weighted average,GS Best Params,classifier
0,0.7851851851851852,0.7846846846846848,0.7862318840579711,0.7837837837837838,0.7837837837837838,0.7826074700493306,0.7813256385349409,"{'clf__alpha': 0.4, 'clf__fit_prior': False, 'tfidf__use_idf': False, 'vect__ngram_range': (1, 1), 'vect__stemming': True, 'vect__stop_words': 'english'}",MNB
0,0.8295454545454546,0.8326167076167076,0.8297101449275363,0.8243243243243243,0.8243243243243243,0.8252220546338194,0.8240376122729063,"{'clf__C': 1, 'clf__loss': 'hinge', 'tfidf__use_idf': False, 'vect__ngram_range': (1, 2), 'vect__stemming': True, 'vect__stop_words': 'english'}",LSVC
0,0.77731588751079,0.7835489503405545,0.7743271221532092,0.7702702702702703,0.7702702702702703,0.7697000167588403,0.7706874295109589,"{'clf__alpha': 0.01, 'tfidf__use_idf': False, 'vect__ngram_range': (1, 2), 'vect__stemming': True, 'vect__stop_words': 'english'}",SGDC
0,0.7700634565136245,0.7855997094518931,0.6459627329192547,0.6216216216216216,0.6216216216216216,0.6116402116402117,0.6003432003432003,"{'clf__criterion': 'gini', 'tfidf__use_idf': False, 'vect__ngram_range': (1, 1), 'vect__stemming': True, 'vect__stop_words': 'english'}",RFC
0,0.7989520624303234,0.8017255717255717,0.8007246376811595,0.7972972972972973,0.7972972972972973,0.7980166635973504,0.7976407289075753,"{'clf__C': 10, 'clf__solver': 'saga', 'tfidf__use_idf': False, 'vect__ngram_range': (1, 2), 'vect__stemming': True, 'vect__stop_words': 'english'}",LRC
