,precision macro average,precision weighted average,recall macro average,recall weighted average,accuracy,F1 macro average,F1 weighted average,GS Best Params,classifier
0,0.8269901905300886,0.8267954924364093,0.8102341137123746,0.8108108108108109,0.8108108108108109,0.8112366667797799,0.8112533280506405,"{'clf__alpha': 0.4, 'clf__fit_prior': True, 'tfidf__use_idf': False, 'vect__ngram_range': (1, 2), 'vect__stemming': True, 'vect__stop_words': 'english'}",MNB
0,0.8262882447665056,0.8269519519519519,0.8245930880713489,0.8243243243243243,0.8243243243243243,0.8245930880713489,0.8247609147609148,"{'clf__C': 1, 'clf__loss': 'hinge', 'tfidf__use_idf': False, 'vect__ngram_range': (1, 2), 'vect__stemming': True, 'vect__stop_words': 'english'}",LSVC
0,0.7985104669887279,0.7990680898289593,0.7989520624303234,0.7972972972972973,0.7972972972972973,0.7972377166906043,0.7966394280983946,"{'clf__alpha': 0.01, 'tfidf__use_idf': False, 'vect__ngram_range': (1, 2), 'vect__stemming': True, 'vect__stop_words': 'english'}",SGDC
0,0.7080426356589147,0.7069688874921435,0.6339130434782608,0.6351351351351351,0.6351351351351351,0.632561796648484,0.6324057361209064,"{'clf__criterion': 'gini', 'tfidf__use_idf': False, 'vect__ngram_range': (1, 1), 'vect__stemming': True, 'vect__stop_words': 'english'}",RFC
0,0.7716720343531938,0.7716466466466466,0.7711259754738015,0.7702702702702703,0.7702702702702703,0.770613154960981,0.7701455301455301,"{'clf__C': 4, 'clf__solver': 'liblinear', 'tfidf__use_idf': False, 'vect__ngram_range': (1, 2), 'vect__stemming': True, 'vect__stop_words': 'english'}",LRC
