,precision macro average,precision weighted average,recall macro average,recall weighted average,accuracy,F1 macro average,F1 weighted average,GS Best Params,classifier
0,0.6805555555555555,0.6966216216216216,0.6861111111111112,0.6891891891891891,0.6891891891891891,0.6771604938271606,0.6861861861861862,"{'clf__alpha': 1, 'clf__fit_prior': False, 'tfidf__use_idf': False, 'vect__ngram_range': (1, 1), 'vect__stemming': True, 'vect__stop_words': 'english'}",MNB
0,0.6929657291170083,0.7009976765260414,0.686111111111111,0.7027027027027027,0.7027027027027027,0.6796036134022175,0.6930863429367915,"{'clf__C': 1, 'clf__loss': 'hinge', 'tfidf__use_idf': False, 'vect__ngram_range': (1, 2), 'vect__stemming': True, 'vect__stop_words': 'english'}",LSVC
0,0.6759634888438134,0.6867085137876213,0.6777777777777777,0.6891891891891891,0.6891891891891891,0.673131817569033,0.68443454444615,"{'clf__alpha': 0.01, 'tfidf__use_idf': False, 'vect__ngram_range': (1, 1), 'vect__stemming': True, 'vect__stop_words': 'english'}",SGDC
0,0.627807486631016,0.6245122127475069,0.611111111111111,0.6216216216216216,0.6216216216216216,0.6164813643074513,0.6200703098470431,"{'clf__criterion': 'gini', 'tfidf__use_idf': False, 'vect__ngram_range': (1, 1), 'vect__stemming': True, 'vect__stop_words': 'english'}",RFC
0,0.6576619524339212,0.6677131604829046,0.6583333333333333,0.6756756756756757,0.6756756756756757,0.6486963352367141,0.6634455356289852,"{'clf__C': 4, 'clf__solver': 'liblinear', 'tfidf__use_idf': False, 'vect__ngram_range': (1, 2), 'vect__stemming': True, 'vect__stop_words': 'english'}",LRC
