,precision macro average,precision weighted average,recall macro average,recall weighted average,accuracy,F1 macro average,F1 weighted average,GS Best Params,classifier
0,0.7266220735785952,0.7320997920997921,0.7282608695652174,0.7297297297297297,0.7297297297297297,0.7266505636070854,0.7301051051051051,"{'clf__alpha': 1, 'clf__fit_prior': True, 'tfidf__use_idf': False, 'vect__ngram_range': (1, 2), 'vect__stemming': True, 'vect__stop_words': 'english'}",MNB
0,0.7771604938271605,0.7772022022022024,0.7717391304347826,0.7702702702702703,0.7702702702702703,0.7714446793516562,0.7709170904519743,"{'clf__C': 1, 'clf__loss': 'squared_hinge', 'tfidf__use_idf': False, 'vect__ngram_range': (1, 2), 'vect__stemming': True, 'vect__stop_words': 'english'}",LSVC
0,0.7287749287749289,0.7289096789096788,0.7044513457556936,0.7027027027027027,0.7027027027027027,0.7085669808480056,0.7082383810409583,"{'clf__alpha': 0.01, 'tfidf__use_idf': False, 'vect__ngram_range': (1, 2), 'vect__stemming': True, 'vect__stop_words': 'english'}",SGDC
0,0.7413950829045168,0.7521116313569144,0.5709109730848861,0.5540540540540541,0.5540540540540541,0.5469556243550052,0.5420048531503641,"{'clf__criterion': 'gini', 'tfidf__use_idf': False, 'vect__ngram_range': (1, 1), 'vect__stemming': True, 'vect__stop_words': 'english'}",RFC
0,0.7325344952795932,0.7330889713242654,0.7163561076604555,0.7162162162162162,0.7162162162162162,0.7147512864493996,0.7155973297482732,"{'clf__C': 4, 'clf__solver': 'newton-cg', 'tfidf__use_idf': False, 'vect__ngram_range': (1, 1), 'vect__stemming': True, 'vect__stop_words': 'english'}",LRC
