,precision macro average,precision weighted average,recall macro average,recall weighted average,accuracy,F1 macro average,F1 weighted average,GS Best Params,classifier
0,0.7002298850574714,0.7037465051258156,0.6951066217732884,0.6891891891891891,0.6891891891891891,0.690307328605201,0.688709986582327,"{'clf__alpha': 0.4, 'clf__fit_prior': True, 'tfidf__use_idf': False, 'vect__ngram_range': (1, 1), 'vect__stemming': True, 'vect__stop_words': 'english'}",MNB
0,0.7604833946663031,0.7603667453742415,0.7568350168350167,0.7567567567567568,0.7567567567567568,0.7571710007880221,0.7570426809788511,"{'clf__C': 1, 'clf__loss': 'hinge', 'tfidf__use_idf': False, 'vect__ngram_range': (1, 2), 'vect__stemming': True, 'vect__stop_words': 'english'}",LSVC
0,0.7446731179864613,0.7448235341788564,0.7416835016835016,0.7432432432432432,0.7432432432432432,0.7424242424242423,0.7432432432432432,"{'clf__alpha': 0.01, 'tfidf__use_idf': False, 'vect__ngram_range': (1, 1), 'vect__stemming': True, 'vect__stop_words': 'english'}",SGDC
0,0.8187984496124031,0.8101037083595223,0.7207631874298541,0.7297297297297297,0.7297297297297297,0.7337092731829573,0.7330573054257263,"{'clf__criterion': 'gini', 'tfidf__use_idf': False, 'vect__ngram_range': (1, 1), 'vect__stemming': True, 'vect__stop_words': 'english'}",RFC
0,0.7065517241379311,0.7043336439888164,0.7008529741863075,0.7027027027027027,0.7027027027027027,0.7028571428571428,0.7027027027027027,"{'clf__C': 4, 'clf__solver': 'liblinear', 'tfidf__use_idf': False, 'vect__ngram_range': (1, 1), 'vect__stemming': True, 'vect__stop_words': 'english'}",LRC
