,precision macro average,precision weighted average,recall macro average,recall weighted average,accuracy,F1 macro average,F1 weighted average,GS Best Params,classifier
0,0.6683261183261183,0.6721422721422722,0.6485042735042734,0.6486486486486487,0.6486486486486487,0.6486307645322202,0.6506516696886238,"{'clf__alpha': 0.4, 'clf__fit_prior': True, 'tfidf__use_idf': False, 'vect__ngram_range': (1, 2), 'vect__stemming': True, 'vect__stop_words': 'english'}",MNB
0,0.7013491609458429,0.7047204527181644,0.6880341880341879,0.6891891891891891,0.6891891891891891,0.6862442651479196,0.688656858092074,"{'clf__C': 1, 'clf__loss': 'hinge', 'tfidf__use_idf': False, 'vect__ngram_range': (1, 1), 'vect__stemming': True, 'vect__stop_words': 'english'}",LSVC
0,0.6661375661375661,0.6687258687258687,0.6356837606837606,0.6351351351351351,0.6351351351351351,0.6366893914676099,0.6378829501801011,"{'clf__alpha': 0.01, 'tfidf__use_idf': False, 'vect__ngram_range': (1, 2), 'vect__stemming': True, 'vect__stop_words': 'english'}",SGDC
0,0.7235838779956426,0.7280515809927575,0.6025641025641025,0.5945945945945946,0.5945945945945946,0.5837269325074202,0.580305741281351,"{'clf__criterion': 'gini', 'tfidf__use_idf': False, 'vect__ngram_range': (1, 1), 'vect__stemming': True, 'vect__stop_words': 'english'}",RFC
0,0.684185955083788,0.687573464663248,0.6623931623931624,0.6621621621621622,0.6621621621621622,0.66107594396765,0.6627604929230959,"{'clf__C': 10, 'clf__solver': 'saga', 'tfidf__use_idf': False, 'vect__ngram_range': (1, 2), 'vect__stemming': True, 'vect__stop_words': 'english'}",LRC
