,precision macro average,precision weighted average,recall macro average,recall weighted average,accuracy,F1 macro average,F1 weighted average,GS Best Params,classifier
0,0.7029575362908697,0.7044379544379545,0.7053511705685619,0.7027027027027027,0.7027027027027027,0.7004687308638676,0.6998067241228335,"{'clf__alpha': 0.4, 'clf__fit_prior': True, 'tfidf__use_idf': False, 'vect__ngram_range': (1, 2), 'vect__stemming': True, 'vect__stop_words': 'english'}",MNB
0,0.7178932178932179,0.7192289692289693,0.7149609810479376,0.7162162162162162,0.7162162162162162,0.7149986866298924,0.7162694609503121,"{'clf__C': 1, 'clf__loss': 'hinge', 'tfidf__use_idf': False, 'vect__ngram_range': (1, 2), 'vect__stemming': True, 'vect__stop_words': 'english'}",LSVC
0,0.7476851851851851,0.7490615615615616,0.72726867335563,0.7297297297297297,0.7297297297297297,0.7278859333321958,0.7295724805663553,"{'clf__alpha': 0.01, 'tfidf__use_idf': False, 'vect__ngram_range': (1, 1), 'vect__stemming': True, 'vect__stop_words': 'english'}",SGDC
0,0.7535206718346253,0.7496006180599205,0.6822519509476032,0.6891891891891891,0.6891891891891891,0.6804347826086957,0.6814042303172738,"{'clf__criterion': 'gini', 'tfidf__use_idf': False, 'vect__ngram_range': (1, 1), 'vect__stemming': True, 'vect__stop_words': 'english'}",RFC
0,0.7334428024083196,0.735121821328718,0.7277814938684504,0.7297297297297297,0.7297297297297297,0.7278726207495866,0.7296267674621052,"{'clf__C': 8, 'clf__solver': 'liblinear', 'tfidf__use_idf': False, 'vect__ngram_range': (1, 1), 'vect__stemming': True, 'vect__stop_words': 'english'}",LRC
