,precision macro average,precision weighted average,recall macro average,recall weighted average,accuracy,F1 macro average,F1 weighted average,GS Best Params,classifier
0,0.7747113997113998,0.7762153387153388,0.774422973698336,0.7702702702702703,0.7702702702702703,0.7706734867860187,0.7694523167668947,"{'clf__alpha': 1, 'clf__fit_prior': True, 'tfidf__use_idf': False, 'vect__ngram_range': (1, 1), 'vect__stemming': True, 'vect__stop_words': 'english'}",MNB
0,0.760822510822511,0.7610126360126361,0.7620772946859903,0.7567567567567568,0.7567567567567568,0.7576015913611821,0.7551438906937628,"{'clf__C': 1, 'clf__loss': 'squared_hinge', 'tfidf__use_idf': False, 'vect__ngram_range': (1, 1), 'vect__stemming': True, 'vect__stop_words': 'english'}",LSVC
0,0.7738047138047138,0.7787141687141688,0.7726113794954376,0.7702702702702703,0.7702702702702703,0.7691243163932241,0.770204703503023,"{'clf__alpha': 0.01, 'tfidf__use_idf': False, 'vect__ngram_range': (1, 2), 'vect__stemming': True, 'vect__stop_words': 'english'}",SGDC
0,0.7521541950113378,0.7566004780290495,0.6328502415458938,0.6216216216216216,0.6216216216216216,0.6094104197925395,0.6034162048406285,"{'clf__criterion': 'entropy', 'tfidf__use_idf': False, 'vect__ngram_range': (1, 1), 'vect__stemming': True, 'vect__stop_words': 'english'}",RFC
0,0.7596408529741864,0.7582891982891983,0.7620772946859903,0.7567567567567568,0.7567567567567568,0.7583054626532887,0.7550664376751333,"{'clf__C': 10, 'clf__solver': 'saga', 'tfidf__use_idf': False, 'vect__ngram_range': (1, 1), 'vect__stemming': True, 'vect__stop_words': 'english'}",LRC
