,precision macro average,precision weighted average,recall macro average,recall weighted average,accuracy,F1 macro average,F1 weighted average,GS Best Params,classifier
0,0.7734448160535116,0.7802304980565848,0.7771428571428571,0.7702702702702703,0.7702702702702703,0.7706734867860187,0.7705813230109906,"{'clf__alpha': 1, 'clf__fit_prior': False, 'tfidf__use_idf': False, 'vect__ngram_range': (1, 1), 'vect__stemming': True, 'vect__stop_words': 'english'}",MNB
0,0.8226495726495727,0.829088704088704,0.8261904761904763,0.8243243243243243,0.8243243243243243,0.8227261274880323,0.8251353394210537,"{'clf__C': 1, 'clf__loss': 'hinge', 'tfidf__use_idf': False, 'vect__ngram_range': (1, 1), 'vect__stemming': True, 'vect__stop_words': 'english'}",LSVC
0,0.8226495726495727,0.829088704088704,0.8261904761904763,0.8243243243243243,0.8243243243243243,0.8227261274880323,0.8251353394210537,"{'clf__alpha': 0.01, 'tfidf__use_idf': False, 'vect__ngram_range': (1, 1), 'vect__stemming': True, 'vect__stop_words': 'english'}",SGDC
0,0.7753961516694963,0.7847846785665121,0.7623809523809525,0.7702702702702703,0.7702702702702703,0.7622838555041945,0.7709053429392412,"{'clf__criterion': 'gini', 'tfidf__use_idf': False, 'vect__ngram_range': (1, 1), 'vect__stemming': True, 'vect__stop_words': 'english'}",RFC
0,0.824009324009324,0.8267813267813268,0.8261904761904763,0.8243243243243243,0.8243243243243243,0.824458293222543,0.8248795991614049,"{'clf__C': 6, 'clf__solver': 'liblinear', 'tfidf__use_idf': False, 'vect__ngram_range': (1, 1), 'vect__stemming': True, 'vect__stop_words': 'english'}",LRC
