,precision macro average,precision weighted average,recall macro average,recall weighted average,accuracy,F1 macro average,F1 weighted average,GS Best Params,classifier
0,0.6650004829518014,0.6705733551575336,0.6562667740203971,0.6486486486486487,0.6486486486486487,0.6456876456876457,0.6438763938763938,"{'clf__alpha': 1, 'clf__fit_prior': True, 'tfidf__use_idf': False, 'vect__ngram_range': (1, 2), 'vect__stemming': True, 'vect__stop_words': 'english'}",MNB
0,0.7058823529411765,0.7124801271860095,0.6899490069779924,0.6891891891891891,0.6891891891891891,0.6840644497147764,0.6867324592247386,"{'clf__C': 1, 'clf__loss': 'hinge', 'tfidf__use_idf': False, 'vect__ngram_range': (1, 2), 'vect__stemming': True, 'vect__stop_words': 'english'}",LSVC
0,0.7104296066252588,0.7215974903474904,0.67914653784219,0.6756756756756757,0.6756756756756757,0.6695515072578019,0.6721015457712344,"{'clf__alpha': 0.01, 'tfidf__use_idf': False, 'vect__ngram_range': (1, 2), 'vect__stemming': True, 'vect__stop_words': 'english'}",SGDC
0,0.6361771561771562,0.649034209034209,0.5406602254428341,0.5405405405405406,0.5405405405405406,0.5158452570217276,0.5214583422850513,"{'clf__criterion': 'gini', 'tfidf__use_idf': False, 'vect__ngram_range': (1, 1), 'vect__stemming': True, 'vect__stop_words': 'english'}",RFC
0,0.6681286549707602,0.6763869132290186,0.64861782071927,0.6486486486486487,0.6486486486486487,0.6398205659075225,0.6436517262604219,"{'clf__C': 6, 'clf__solver': 'liblinear', 'tfidf__use_idf': False, 'vect__ngram_range': (1, 2), 'vect__stemming': True, 'vect__stop_words': 'english'}",LRC
