,precision macro average,precision weighted average,recall macro average,recall weighted average,accuracy,F1 macro average,F1 weighted average,GS Best Params,classifier
0,0.7262170196952805,0.7731703275181536,0.6901234567901234,0.6351351351351351,0.6351351351351351,0.6303174603174603,0.6291312741312741,"{'clf__alpha': 0.4, 'clf__fit_prior': False, 'tfidf__use_idf': False, 'vect__ngram_range': (1, 2), 'vect__stemming': True, 'vect__stop_words': 'english'}",MNB
0,0.795017758964628,0.7982697337536048,0.7931735657225852,0.7972972972972973,0.7972972972972973,0.7939266024999544,0.7975898880631327,"{'clf__C': 1, 'clf__loss': 'hinge', 'tfidf__use_idf': False, 'vect__ngram_range': (1, 1), 'vect__stemming': True, 'vect__stop_words': 'english'}",LSVC
0,0.8328227977350785,0.8396667344035764,0.8447349310094409,0.8378378378378378,0.8378378378378378,0.8375904640272456,0.8377601739670706,"{'clf__alpha': 0.01, 'tfidf__use_idf': False, 'vect__ngram_range': (1, 1), 'vect__stemming': True, 'vect__stop_words': 'english'}",SGDC
0,0.7328554360812426,0.7498692240627726,0.7360929557007988,0.7162162162162162,0.7162162162162162,0.7155694336022204,0.7159756946642193,"{'clf__criterion': 'gini', 'tfidf__use_idf': False, 'vect__ngram_range': (1, 1), 'vect__stemming': True, 'vect__stop_words': 'english'}",RFC
0,0.7528735632183908,0.7572486279382831,0.7586056644880174,0.7567567567567568,0.7567567567567568,0.7554658774997757,0.7567763889797787,"{'clf__C': 6, 'clf__solver': 'saga', 'tfidf__use_idf': False, 'vect__ngram_range': (1, 1), 'vect__stemming': True, 'vect__stop_words': 'english'}",LRC
