,precision macro average,precision weighted average,recall macro average,recall weighted average,accuracy,F1 macro average,F1 weighted average,GS Best Params,classifier
0,0.6972355130249867,0.7324776930040089,0.6645381013197106,0.6486486486486487,0.6486486486486487,0.6516055697641375,0.6644892974816249,"{'clf__alpha': 0.4, 'clf__fit_prior': True, 'tfidf__use_idf': False, 'vect__ngram_range': (1, 2), 'vect__stemming': True, 'vect__stop_words': 'english'}",MNB
0,0.711812865497076,0.7308582266477004,0.709663686675181,0.7027027027027027,0.7027027027027027,0.6975258921583749,0.7044683455713258,"{'clf__C': 1, 'clf__loss': 'hinge', 'tfidf__use_idf': False, 'vect__ngram_range': (1, 2), 'vect__stemming': True, 'vect__stop_words': 'english'}",LSVC
0,0.6629239766081872,0.6872546230440968,0.6521924223073648,0.6351351351351351,0.6351351351351351,0.6362050456253354,0.6424576750663706,"{'clf__alpha': 0.01, 'tfidf__use_idf': False, 'vect__ngram_range': (1, 2), 'vect__stemming': True, 'vect__stop_words': 'english'}",SGDC
0,0.7264957264957266,0.7775467775467775,0.5832269050659855,0.5405405405405406,0.5405405405405406,0.5528860028860029,0.5603749853749854,"{'clf__criterion': 'gini', 'tfidf__use_idf': False, 'vect__ngram_range': (1, 1), 'vect__stemming': True, 'vect__stop_words': 'english'}",RFC
0,0.6712038717483364,0.6934566145092461,0.6673052362707536,0.6621621621621622,0.6621621621621622,0.6557403116623507,0.6654737741694264,"{'clf__C': 8, 'clf__solver': 'saga', 'tfidf__use_idf': False, 'vect__ngram_range': (1, 1), 'vect__stemming': True, 'vect__stop_words': 'english'}",LRC
