,precision macro average,precision weighted average,recall macro average,recall weighted average,accuracy,F1 macro average,F1 weighted average,GS Best Params,classifier
0,0.747049247049247,0.7525162525162525,0.7474523007856342,0.7432432432432432,0.7432432432432432,0.7414529914529915,0.7419005544005544,"{'clf__alpha': 0.4, 'clf__fit_prior': False, 'tfidf__use_idf': False, 'vect__ngram_range': (1, 1), 'vect__stemming': True, 'vect__stop_words': 'english'}",MNB
0,0.7166666666666667,0.7168918918918918,0.7113804713804713,0.7162162162162162,0.7162162162162162,0.7127342164936149,0.7152533844263167,"{'clf__C': 1, 'clf__loss': 'hinge', 'tfidf__use_idf': False, 'vect__ngram_range': (1, 2), 'vect__stemming': True, 'vect__stop_words': 'english'}",LSVC
0,0.7473544973544973,0.7471578721578721,0.7370594837261505,0.7432432432432432,0.7432432432432432,0.7389937106918238,0.7422233554309027,"{'clf__alpha': 0.01, 'tfidf__use_idf': False, 'vect__ngram_range': (1, 1), 'vect__stemming': True, 'vect__stop_words': 'english'}",SGDC
0,0.7830827067669173,0.776966063808169,0.7548597081930414,0.7567567567567568,0.7567567567567568,0.7595773402225016,0.7570756764305151,"{'clf__criterion': 'gini', 'tfidf__use_idf': False, 'vect__ngram_range': (1, 1), 'vect__stemming': True, 'vect__stop_words': 'english'}",RFC
0,0.7358183990442054,0.7334108301850238,0.7237261503928171,0.7297297297297297,0.7297297297297297,0.7262068965517242,0.7281453867660764,"{'clf__C': 4, 'clf__solver': 'liblinear', 'tfidf__use_idf': False, 'vect__ngram_range': (1, 1), 'vect__stemming': True, 'vect__stop_words': 'english'}",LRC
