,precision macro average,precision weighted average,recall macro average,recall weighted average,accuracy,F1 macro average,F1 weighted average,GS Best Params,classifier
0,0.7224880382775121,0.7437605069184017,0.7087356321839081,0.6891891891891891,0.6891891891891891,0.6894765600606628,0.6911871476052528,"{'clf__alpha': 0.4, 'clf__fit_prior': True, 'tfidf__use_idf': False, 'vect__ngram_range': (1, 1), 'vect__stemming': True, 'vect__stop_words': 'english'}",MNB
0,0.7475401466629537,0.7649830281409228,0.7454022988505747,0.7297297297297297,0.7297297297297297,0.7286324786324786,0.7289067914067913,"{'clf__C': 1, 'clf__loss': 'hinge', 'tfidf__use_idf': False, 'vect__ngram_range': (1, 2), 'vect__stemming': True, 'vect__stop_words': 'english'}",LSVC
0,0.7262664963814389,0.7445203824514168,0.720574712643678,0.7027027027027027,0.7027027027027027,0.7018326152064754,0.7012359816311186,"{'clf__alpha': 0.01, 'tfidf__use_idf': False, 'vect__ngram_range': (1, 2), 'vect__stemming': True, 'vect__stop_words': 'english'}",SGDC
0,0.700845665961945,0.7244443174675733,0.6134482758620691,0.5945945945945946,0.5945945945945946,0.5799302177011155,0.5715441226277139,"{'clf__criterion': 'entropy', 'tfidf__use_idf': False, 'vect__ngram_range': (1, 1), 'vect__stemming': True, 'vect__stop_words': 'english'}",RFC
0,0.7142996156278888,0.7300670251334388,0.7057471264367816,0.6891891891891891,0.6891891891891891,0.6873706004140786,0.6849085109954676,"{'clf__C': 6, 'clf__solver': 'saga', 'tfidf__use_idf': False, 'vect__ngram_range': (1, 2), 'vect__stemming': True, 'vect__stop_words': 'english'}",LRC
