,precision macro average,precision weighted average,recall macro average,recall weighted average,accuracy,F1 macro average,F1 weighted average,GS Best Params,classifier
0,0.7273291925465838,0.7290778355995747,0.7213499731615673,0.7162162162162162,0.7162162162162162,0.7175122292103424,0.7159986401495836,"{'clf__alpha': 0.4, 'clf__fit_prior': True, 'tfidf__use_idf': False, 'vect__ngram_range': (1, 1), 'vect__stemming': True, 'vect__stop_words': 'english'}",MNB
0,0.6888528138528138,0.6907467532467532,0.6865271068169619,0.6891891891891891,0.6891891891891891,0.6870742578420654,0.6893630658663036,"{'clf__C': 1, 'clf__loss': 'squared_hinge', 'tfidf__use_idf': False, 'vect__ngram_range': (1, 2), 'vect__stemming': True, 'vect__stop_words': 'english'}",LSVC
0,0.6510332796564681,0.6541459938199069,0.6500939345142244,0.6486486486486487,0.6486486486486487,0.6483215130023641,0.6491776883266245,"{'clf__alpha': 0.01, 'tfidf__use_idf': False, 'vect__ngram_range': (1, 1), 'vect__stemming': True, 'vect__stop_words': 'english'}",SGDC
0,0.7227080021197668,0.7171454045460405,0.6834406870638755,0.6891891891891891,0.6891891891891891,0.6893670826243147,0.6891791287884595,"{'clf__criterion': 'gini', 'tfidf__use_idf': False, 'vect__ngram_range': (1, 1), 'vect__stemming': True, 'vect__stop_words': 'english'}",RFC
0,0.6763136288998358,0.6775479297031022,0.672638217928073,0.6756756756756757,0.6756756756756757,0.6730834177642689,0.6752238560749199,"{'clf__C': 10, 'clf__solver': 'newton-cg', 'tfidf__use_idf': False, 'vect__ngram_range': (1, 2), 'vect__stemming': True, 'vect__stop_words': 'english'}",LRC
