,precision macro average,precision weighted average,recall macro average,recall weighted average,accuracy,F1 macro average,F1 weighted average,GS Best Params,classifier
0,0.7263973063973065,0.7355937755937756,0.7203749315818282,0.7162162162162162,0.7162162162162162,0.718263553408481,0.7210607346476912,"{'clf__alpha': 1, 'clf__fit_prior': True, 'tfidf__use_idf': False, 'vect__ngram_range': (1, 2), 'vect__stemming': True, 'vect__stop_words': 'english'}",MNB
0,0.7595833333333334,0.7649155405405406,0.7227011494252874,0.7297297297297297,0.7297297297297297,0.7306874351708593,0.7372148672845785,"{'clf__C': 1, 'clf__loss': 'hinge', 'tfidf__use_idf': False, 'vect__ngram_range': (1, 2), 'vect__stemming': True, 'vect__stop_words': 'english'}",LSVC
0,0.7728793309438471,0.7799767509444928,0.7500684181718665,0.7567567567567568,0.7567567567567568,0.7538992408557625,0.7611381567903308,"{'clf__alpha': 0.01, 'tfidf__use_idf': False, 'vect__ngram_range': (1, 2), 'vect__stemming': True, 'vect__stop_words': 'english'}",SGDC
0,0.7804988662131519,0.8059202059202059,0.6172687465790915,0.5945945945945946,0.5945945945945946,0.5986758339699516,0.6023269258563376,"{'clf__criterion': 'entropy', 'tfidf__use_idf': False, 'vect__ngram_range': (1, 1), 'vect__stemming': True, 'vect__stop_words': 'english'}",RFC
0,0.7326513341298287,0.741959701637121,0.6949233716475095,0.7027027027027027,0.7027027027027027,0.7000000000000001,0.7092342342342343,"{'clf__C': 10, 'clf__solver': 'liblinear', 'tfidf__use_idf': False, 'vect__ngram_range': (1, 1), 'vect__stemming': True, 'vect__stop_words': 'english'}",LRC
