,precision macro average,precision weighted average,recall macro average,recall weighted average,accuracy,F1 macro average,F1 weighted average,GS Best Params,classifier
0,0.7971509971509971,0.797043197043197,0.7852396878483835,0.7837837837837838,0.7837837837837838,0.7820756209460528,0.781199091830321,"{'clf__alpha': 1, 'clf__fit_prior': True, 'tfidf__use_idf': False, 'vect__ngram_range': (1, 1), 'vect__stemming': True, 'vect__stop_words': 'english'}",MNB
0,0.789154867902496,0.7924252525770552,0.7735785953177258,0.7702702702702703,0.7702702702702703,0.7665852665852665,0.7668382668382668,"{'clf__C': 1, 'clf__loss': 'squared_hinge', 'tfidf__use_idf': False, 'vect__ngram_range': (1, 1), 'vect__stemming': True, 'vect__stop_words': 'english'}",LSVC
0,0.7702508960573476,0.7726968904388258,0.7179264214046822,0.7162162162162162,0.7162162162162162,0.7126779212181397,0.7128881612496308,"{'clf__alpha': 0.01, 'tfidf__use_idf': False, 'vect__ngram_range': (1, 2), 'vect__stemming': True, 'vect__stop_words': 'english'}",SGDC
0,0.7337792642140468,0.7415800415800415,0.6326867335562988,0.6216216216216216,0.6216216216216216,0.6182086534824158,0.6172385479189073,"{'clf__criterion': 'gini', 'tfidf__use_idf': False, 'vect__ngram_range': (1, 1), 'vect__stemming': True, 'vect__stop_words': 'english'}",RFC
0,0.766826923076923,0.769847972972973,0.7474247491638796,0.7432432432432432,0.7432432432432432,0.738597987378475,0.7383352310181579,"{'clf__C': 4, 'clf__solver': 'saga', 'tfidf__use_idf': False, 'vect__ngram_range': (1, 1), 'vect__stemming': True, 'vect__stop_words': 'english'}",LRC
