,precision macro average,precision weighted average,recall macro average,recall weighted average,accuracy,F1 macro average,F1 weighted average,GS Best Params,classifier
0,0.7237405106970325,0.7629399585921325,0.7234487734487735,0.7027027027027027,0.7027027027027027,0.7008529741863075,0.7076030576030576,"{'clf__alpha': 0.4, 'clf__fit_prior': True, 'tfidf__use_idf': False, 'vect__ngram_range': (1, 1), 'vect__stemming': True, 'vect__stop_words': 'english'}",MNB
0,0.7048257247894272,0.7453656364727145,0.7024531024531026,0.6756756756756757,0.6756756756756757,0.6759866220735785,0.6783675314110096,"{'clf__C': 1, 'clf__loss': 'hinge', 'tfidf__use_idf': False, 'vect__ngram_range': (1, 2), 'vect__stemming': True, 'vect__stop_words': 'english'}",LSVC
0,0.7029072082835524,0.7525751558009621,0.6822510822510823,0.6486486486486487,0.6486486486486487,0.6497656345680661,0.649879981186972,"{'clf__alpha': 0.01, 'tfidf__use_idf': False, 'vect__ngram_range': (1, 1), 'vect__stemming': True, 'vect__stop_words': 'english'}",SGDC
0,0.6809640522875817,0.7331577901430842,0.5758297258297258,0.527027027027027,0.527027027027027,0.5246302202823941,0.5081076544061268,"{'clf__criterion': 'entropy', 'tfidf__use_idf': False, 'vect__ngram_range': (1, 1), 'vect__stemming': True, 'vect__stop_words': 'english'}",RFC
0,0.6919006919006918,0.7274527274527276,0.6966810966810968,0.6756756756756757,0.6756756756756757,0.6747852925389157,0.679192779736258,"{'clf__C': 10, 'clf__solver': 'saga', 'tfidf__use_idf': False, 'vect__ngram_range': (1, 2), 'vect__stemming': True, 'vect__stop_words': 'english'}",LRC
