,precision macro average,precision weighted average,recall macro average,recall weighted average,accuracy,F1 macro average,F1 weighted average,GS Best Params,classifier
0,0.6952932098765432,0.7046702952952953,0.6998546181454727,0.6756756756756757,0.6756756756756757,0.667656153370439,0.6573935716792858,"{'clf__alpha': 0.4, 'clf__fit_prior': True, 'tfidf__use_idf': False, 'vect__ngram_range': (1, 1), 'vect__stemming': True, 'vect__stop_words': 'english'}",MNB
0,0.6894444444444444,0.6884234234234236,0.6993548680205351,0.6891891891891891,0.6891891891891891,0.6923644659151905,0.6866458850154502,"{'clf__C': 1, 'clf__loss': 'hinge', 'tfidf__use_idf': False, 'vect__ngram_range': (1, 2), 'vect__stemming': True, 'vect__stop_words': 'english'}",LSVC
0,0.7574857529218583,0.7522995684760391,0.7301803643632728,0.7297297297297297,0.7297297297297297,0.7371058060713235,0.734927234927235,"{'clf__alpha': 0.01, 'tfidf__use_idf': False, 'vect__ngram_range': (1, 1), 'vect__stemming': True, 'vect__stop_words': 'english'}",SGDC
0,0.7072902942468159,0.6998361998361998,0.686043341965381,0.6891891891891891,0.6891891891891891,0.6931977559607292,0.6911508282476024,"{'clf__criterion': 'gini', 'tfidf__use_idf': False, 'vect__ngram_range': (1, 1), 'vect__stemming': True, 'vect__stop_words': 'english'}",RFC
0,0.7214774472838988,0.7172126043093785,0.7163463722684112,0.7162162162162162,0.7162162162162162,0.7181818181818181,0.715970515970516,"{'clf__C': 6, 'clf__solver': 'liblinear', 'tfidf__use_idf': False, 'vect__ngram_range': (1, 2), 'vect__stemming': True, 'vect__stop_words': 'english'}",LRC
