,precision macro average,precision weighted average,recall macro average,recall weighted average,accuracy,F1 macro average,F1 weighted average,GS Best Params,classifier
0,0.7851528781064013,0.7921272778843993,0.7868131868131868,0.7837837837837838,0.7837837837837838,0.7820728291316527,0.783768642592172,"{'clf__alpha': 0.4, 'clf__fit_prior': True, 'tfidf__use_idf': False, 'vect__ngram_range': (1, 1), 'vect__stemming': True, 'vect__stop_words': 'english'}",MNB
0,0.7575757575757575,0.7683802683802685,0.7631868131868131,0.7567567567567568,0.7567567567567568,0.754092860976919,0.7569471645558602,"{'clf__C': 1, 'clf__loss': 'hinge', 'tfidf__use_idf': False, 'vect__ngram_range': (1, 1), 'vect__stemming': True, 'vect__stop_words': 'english'}",LSVC
0,0.7693452380952381,0.7872425997425997,0.7608058608058608,0.7432432432432432,0.7432432432432432,0.7432278967233374,0.7451105536211918,"{'clf__alpha': 0.01, 'tfidf__use_idf': False, 'vect__ngram_range': (1, 1), 'vect__stemming': True, 'vect__stop_words': 'english'}",SGDC
0,0.6951566951566952,0.7264957264957265,0.5659340659340659,0.527027027027027,0.527027027027027,0.5136404697380307,0.5121804731560828,"{'clf__criterion': 'gini', 'tfidf__use_idf': False, 'vect__ngram_range': (1, 1), 'vect__stemming': True, 'vect__stop_words': 'english'}",RFC
0,0.7016946072418335,0.7172163304097338,0.6979853479853481,0.6891891891891891,0.6891891891891891,0.6882753101240496,0.6926662556914659,"{'clf__C': 4, 'clf__solver': 'liblinear', 'tfidf__use_idf': False, 'vect__ngram_range': (1, 2), 'vect__stemming': True, 'vect__stop_words': 'english'}",LRC
