,precision macro average,precision weighted average,recall macro average,recall weighted average,accuracy,F1 macro average,F1 weighted average,GS Best Params,classifier
0,0.733753900420567,0.7519470019470018,0.7342690058479532,0.7297297297297297,0.7297297297297297,0.725908975336893,0.733821922609108,"{'clf__alpha': 1, 'clf__fit_prior': True, 'tfidf__use_idf': False, 'vect__ngram_range': (1, 1), 'vect__stemming': True, 'vect__stop_words': 'english'}",MNB
0,0.7388278388278389,0.7451440451440451,0.743391812865497,0.7432432432432432,0.7432432432432432,0.7405558156065255,0.7436094231226076,"{'clf__C': 1, 'clf__loss': 'hinge', 'tfidf__use_idf': False, 'vect__ngram_range': (1, 2), 'vect__stemming': True, 'vect__stop_words': 'english'}",LSVC
0,0.7436507936507937,0.7446911196911198,0.7327485380116959,0.7432432432432432,0.7432432432432432,0.7356993111710094,0.7418445399577476,"{'clf__alpha': 0.01, 'tfidf__use_idf': False, 'vect__ngram_range': (1, 1), 'vect__stemming': True, 'vect__stop_words': 'english'}",SGDC
0,0.6838383838383839,0.6755391755391756,0.6090058479532163,0.6081081081081081,0.6081081081081081,0.5996031746031746,0.5956563706563706,"{'clf__criterion': 'entropy', 'tfidf__use_idf': False, 'vect__ngram_range': (1, 1), 'vect__stemming': True, 'vect__stop_words': 'english'}",RFC
0,0.7237122179650916,0.7344931138034586,0.7216374269005849,0.7297297297297297,0.7297297297297297,0.7204397379835976,0.7297396970227695,"{'clf__C': 8, 'clf__solver': 'saga', 'tfidf__use_idf': False, 'vect__ngram_range': (1, 2), 'vect__stemming': True, 'vect__stop_words': 'english'}",LRC
