,precision macro average,precision weighted average,recall macro average,recall weighted average,accuracy,F1 macro average,F1 weighted average,GS Best Params,classifier
0,0.6613997113997114,0.6905259155259155,0.6709438470728794,0.6351351351351351,0.6351351351351351,0.6328502415458936,0.6323932628280454,"{'clf__alpha': 0.4, 'clf__fit_prior': False, 'tfidf__use_idf': False, 'vect__ngram_range': (1, 1), 'vect__stemming': True, 'vect__stop_words': 'english'}",MNB
0,0.7916362574806598,0.8084872202519261,0.7943847072879331,0.7837837837837838,0.7837837837837838,0.775240888144114,0.7806247806247807,"{'clf__C': 1, 'clf__loss': 'hinge', 'tfidf__use_idf': False, 'vect__ngram_range': (1, 2), 'vect__stemming': True, 'vect__stop_words': 'english'}",LSVC
0,0.7394827394827396,0.7702432702432702,0.7195459976105137,0.7027027027027027,0.7027027027027027,0.6863911190405392,0.6985678809942859,"{'clf__alpha': 0.01, 'tfidf__use_idf': False, 'vect__ngram_range': (1, 1), 'vect__stemming': True, 'vect__stop_words': 'english'}",SGDC
0,0.7802569303583503,0.8086453593552985,0.7255197132616488,0.7297297297297297,0.7297297297297297,0.7036491483299994,0.7226328619945642,"{'clf__criterion': 'gini', 'tfidf__use_idf': False, 'vect__ngram_range': (1, 1), 'vect__stemming': True, 'vect__stop_words': 'english'}",RFC
0,0.757124183006536,0.7688182299947005,0.749199522102748,0.7432432432432432,0.7432432432432432,0.7313953488372092,0.7357479572595851,"{'clf__C': 4, 'clf__solver': 'newton-cg', 'tfidf__use_idf': False, 'vect__ngram_range': (1, 2), 'vect__stemming': True, 'vect__stop_words': 'english'}",LRC
