,precision macro average,precision weighted average,recall macro average,recall weighted average,accuracy,F1 macro average,F1 weighted average,GS Best Params,classifier
0,0.6864197530864198,0.7035035035035035,0.702744765138653,0.6756756756756757,0.6756756756756757,0.6763285024154589,0.6703992995553097,"{'clf__alpha': 1, 'clf__fit_prior': False, 'tfidf__use_idf': False, 'vect__ngram_range': (1, 2), 'vect__stemming': True, 'vect__stop_words': 'english'}",MNB
0,0.711388003477253,0.7080595518729392,0.7070128277683456,0.7027027027027027,0.7027027027027027,0.7057231519975363,0.7019826830348097,"{'clf__C': 1, 'clf__loss': 'hinge', 'tfidf__use_idf': False, 'vect__ngram_range': (1, 2), 'vect__stemming': True, 'vect__stop_words': 'english'}",LSVC
0,0.6765079365079365,0.6812870012870013,0.6891624221844935,0.6756756756756757,0.6756756756756757,0.6783882783882783,0.6735669735669735,"{'clf__alpha': 0.01, 'tfidf__use_idf': False, 'vect__ngram_range': (1, 2), 'vect__stemming': True, 'vect__stop_words': 'english'}",SGDC
0,0.6433524128623948,0.6611641657013707,0.6299518958687039,0.6216216216216216,0.6216216216216216,0.6236400108799129,0.6299297308324235,"{'clf__criterion': 'gini', 'tfidf__use_idf': False, 'vect__ngram_range': (1, 1), 'vect__stemming': True, 'vect__stop_words': 'english'}",RFC
0,0.7068376068376069,0.6967428967428968,0.6831965666855311,0.6891891891891891,0.6891891891891891,0.6911274509803921,0.6897873608903021,"{'clf__C': 4, 'clf__solver': 'saga', 'tfidf__use_idf': False, 'vect__ngram_range': (1, 2), 'vect__stemming': True, 'vect__stop_words': 'english'}",LRC
