,precision macro average,precision weighted average,recall macro average,recall weighted average,accuracy,F1 macro average,F1 weighted average,GS Best Params,classifier
0,0.7158119658119658,0.7372661122661123,0.7293096872616323,0.7162162162162162,0.7162162162162162,0.7136529030216737,0.7171077104631922,"{'clf__alpha': 0.4, 'clf__fit_prior': True, 'tfidf__use_idf': False, 'vect__ngram_range': (1, 1), 'vect__stemming': True, 'vect__stop_words': 'english'}",MNB
0,0.7478354978354979,0.7671551421551421,0.7564836003051106,0.7567567567567568,0.7567567567567568,0.749628092025601,0.7593598788201797,"{'clf__C': 1, 'clf__loss': 'hinge', 'tfidf__use_idf': False, 'vect__ngram_range': (1, 2), 'vect__stemming': True, 'vect__stop_words': 'english'}",LSVC
0,0.7264957264957265,0.7442827442827443,0.7356502669717773,0.7297297297297297,0.7297297297297297,0.7262068965517242,0.7315657036346691,"{'clf__alpha': 0.01, 'tfidf__use_idf': False, 'vect__ngram_range': (1, 2), 'vect__stemming': True, 'vect__stop_words': 'english'}",SGDC
0,0.6275689223057644,0.6625482625482626,0.5880053394355453,0.5540540540540541,0.5540540540540541,0.5612281832886536,0.5588591492846813,"{'clf__criterion': 'gini', 'tfidf__use_idf': False, 'vect__ngram_range': (1, 1), 'vect__stemming': True, 'vect__stop_words': 'english'}",RFC
0,0.7209203142536476,0.7438720538720539,0.728523073989321,0.7297297297297297,0.7297297297297297,0.7212691194708558,0.7330801760834832,"{'clf__C': 6, 'clf__solver': 'saga', 'tfidf__use_idf': False, 'vect__ngram_range': (1, 2), 'vect__stemming': True, 'vect__stop_words': 'english'}",LRC
