,precision macro average,precision weighted average,recall macro average,recall weighted average,accuracy,F1 macro average,F1 weighted average,GS Best Params,classifier
0,0.7235690235690235,0.7436527436527437,0.725,0.7297297297297297,0.7297297297297297,0.720315280956013,0.7330900694745087,"{'clf__alpha': 0.4, 'clf__fit_prior': False, 'tfidf__use_idf': False, 'vect__ngram_range': (1, 1), 'vect__stemming': True, 'vect__stop_words': 'english'}",MNB
0,0.7525189786059352,0.7558614515136255,0.7555555555555555,0.7567567567567568,0.7567567567567568,0.753779622902612,0.7560835355334576,"{'clf__C': 1, 'clf__loss': 'hinge', 'tfidf__use_idf': False, 'vect__ngram_range': (1, 2), 'vect__stemming': True, 'vect__stop_words': 'english'}",LSVC
0,0.7825287356321841,0.785237651444548,0.7833333333333333,0.7837837837837838,0.7837837837837838,0.7827510665283063,0.7843166584086682,"{'clf__alpha': 0.01, 'tfidf__use_idf': False, 'vect__ngram_range': (1, 1), 'vect__stemming': True, 'vect__stop_words': 'english'}",SGDC
0,0.7152777777777778,0.7167792792792793,0.6722222222222222,0.6486486486486487,0.6486486486486487,0.6598970251716247,0.6452161543694724,"{'clf__criterion': 'gini', 'tfidf__use_idf': False, 'vect__ngram_range': (1, 1), 'vect__stemming': True, 'vect__stop_words': 'english'}",RFC
0,0.7519457863660762,0.7630891761326544,0.7583333333333334,0.7567567567567568,0.7567567567567568,0.7531789745682035,0.7580303681894869,"{'clf__C': 6, 'clf__solver': 'saga', 'tfidf__use_idf': False, 'vect__ngram_range': (1, 1), 'vect__stemming': True, 'vect__stop_words': 'english'}",LRC
