,precision macro average,precision weighted average,recall macro average,recall weighted average,accuracy,F1 macro average,F1 weighted average,GS Best Params,classifier
0,0.6282156540777231,0.6917410020858297,0.6298654244306419,0.6486486486486487,0.6486486486486487,0.6193181818181818,0.6619318181818182,"{'clf__alpha': 0.4, 'clf__fit_prior': False, 'tfidf__use_idf': False, 'vect__ngram_range': (1, 1), 'vect__stemming': True, 'vect__stop_words': 'english'}",MNB
0,0.6597286226318485,0.7007088886121144,0.6606625258799171,0.6891891891891891,0.6891891891891891,0.656891495601173,0.691448046286756,"{'clf__C': 1, 'clf__loss': 'hinge', 'tfidf__use_idf': False, 'vect__ngram_range': (1, 1), 'vect__stemming': True, 'vect__stop_words': 'english'}",LSVC
0,0.6661899465014036,0.6978989954518319,0.6656314699792961,0.6891891891891891,0.6891891891891891,0.6610722610722611,0.6888048888048888,"{'clf__alpha': 0.01, 'tfidf__use_idf': False, 'vect__ngram_range': (1, 1), 'vect__stemming': True, 'vect__stop_words': 'english'}",SGDC
0,0.6340852130325815,0.6945234708392602,0.6138457556935818,0.5675675675675675,0.5675675675675675,0.5665745159150805,0.5595723913239012,"{'clf__criterion': 'entropy', 'tfidf__use_idf': False, 'vect__ngram_range': (1, 1), 'vect__stemming': True, 'vect__stop_words': 'english'}",RFC
0,0.625324434556915,0.6699786549619697,0.6207815734989648,0.6486486486486487,0.6486486486486487,0.6154320987654321,0.6513263263263264,"{'clf__C': 4, 'clf__solver': 'newton-cg', 'tfidf__use_idf': False, 'vect__ngram_range': (1, 1), 'vect__stemming': True, 'vect__stop_words': 'english'}",LRC
