,precision macro average,precision weighted average,recall macro average,recall weighted average,accuracy,F1 macro average,F1 weighted average,GS Best Params,classifier
0,0.8194096351991088,0.8229187834450993,0.8203837895866881,0.8108108108108109,0.8108108108108109,0.8084683148621767,0.8049238496808829,"{'clf__alpha': 0.4, 'clf__fit_prior': False, 'tfidf__use_idf': False, 'vect__ngram_range': (1, 2), 'vect__stemming': True, 'vect__stop_words': 'english'}",MNB
0,0.883982683982684,0.8779220779220778,0.8469538378958669,0.8513513513513513,0.8513513513513513,0.8522889529970569,0.8512438480967198,"{'clf__C': 1, 'clf__loss': 'hinge', 'tfidf__use_idf': False, 'vect__ngram_range': (1, 1), 'vect__stemming': True, 'vect__stop_words': 'english'}",LSVC
0,0.8604166666666666,0.8580236486486488,0.8346081588835212,0.8378378378378378,0.8378378378378378,0.8366864177116348,0.8371684003143283,"{'clf__alpha': 0.01, 'tfidf__use_idf': False, 'vect__ngram_range': (1, 1), 'vect__stemming': True, 'vect__stop_words': 'english'}",SGDC
0,0.8338001867413632,0.8244378832614128,0.7467122920021471,0.7567567567567568,0.7567567567567568,0.7576179858788553,0.7575589803850674,"{'clf__criterion': 'gini', 'tfidf__use_idf': False, 'vect__ngram_range': (1, 1), 'vect__stemming': True, 'vect__stop_words': 'english'}",RFC
0,0.8401805166511048,0.8351692028162616,0.8040794417606012,0.8108108108108109,0.8108108108108109,0.8080221494855641,0.8085892354185037,"{'clf__C': 4, 'clf__solver': 'liblinear', 'tfidf__use_idf': False, 'vect__ngram_range': (1, 1), 'vect__stemming': True, 'vect__stop_words': 'english'}",LRC
