,precision macro average,precision weighted average,recall macro average,recall weighted average,accuracy,F1 macro average,F1 weighted average,GS Best Params,classifier
0,0.7442129629629629,0.7580236486486487,0.7396764580672627,0.7297297297297297,0.7297297297297297,0.7264983953508543,0.7287296664345845,"{'clf__alpha': 0.4, 'clf__fit_prior': False, 'tfidf__use_idf': False, 'vect__ngram_range': (1, 2), 'vect__stemming': True, 'vect__stop_words': 'english'}",MNB
0,0.798941798941799,0.7992277992277993,0.7811834823329077,0.7837837837837838,0.7837837837837838,0.7835648148148149,0.784206081081081,"{'clf__C': 1, 'clf__loss': 'hinge', 'tfidf__use_idf': False, 'vect__ngram_range': (1, 2), 'vect__stemming': True, 'vect__stop_words': 'english'}",LSVC
0,0.7602339181286549,0.7735893788525369,0.7458492975734355,0.7432432432432432,0.7432432432432432,0.741514726507714,0.7465751866873886,"{'clf__alpha': 0.01, 'tfidf__use_idf': False, 'vect__ngram_range': (1, 2), 'vect__stemming': True, 'vect__stop_words': 'english'}",SGDC
0,0.7135387488328665,0.7262245438716027,0.6568752660706684,0.6756756756756757,0.6756756756756757,0.6568298680974737,0.6692587960193594,"{'clf__criterion': 'gini', 'tfidf__use_idf': False, 'vect__ngram_range': (1, 1), 'vect__stemming': True, 'vect__stop_words': 'english'}",RFC
0,0.7888888888888888,0.7944444444444445,0.7626649638143892,0.7702702702702703,0.7702702702702703,0.7666545432502879,0.772128101915336,"{'clf__C': 10, 'clf__solver': 'liblinear', 'tfidf__use_idf': False, 'vect__ngram_range': (1, 2), 'vect__stemming': True, 'vect__stop_words': 'english'}",LRC
