,precision macro average,precision weighted average,recall macro average,recall weighted average,accuracy,F1 macro average,F1 weighted average,GS Best Params,classifier
0,0.6754324450677887,0.6775330730449945,0.6667337627482555,0.6621621621621622,0.6621621621621622,0.6628282828282829,0.6618509418509418,"{'clf__alpha': 0.4, 'clf__fit_prior': True, 'tfidf__use_idf': False, 'vect__ngram_range': (1, 2), 'vect__stemming': True, 'vect__stop_words': 'english'}",MNB
0,0.7150039824771007,0.7151344893280378,0.6855877616747182,0.6891891891891891,0.6891891891891891,0.6880459770114942,0.6901584342963653,"{'clf__C': 1, 'clf__loss': 'hinge', 'tfidf__use_idf': False, 'vect__ngram_range': (1, 1), 'vect__stemming': True, 'vect__stop_words': 'english'}",LSVC
0,0.6947712418300654,0.692925278219396,0.6572061191626409,0.6621621621621622,0.6621621621621622,0.6600637522768672,0.6616914045192733,"{'clf__alpha': 0.01, 'tfidf__use_idf': False, 'vect__ngram_range': (1, 1), 'vect__stemming': True, 'vect__stop_words': 'english'}",SGDC
0,0.6901992901992902,0.6859552427119995,0.6427133655394525,0.6486486486486487,0.6486486486486487,0.6483796296296297,0.6490521771771772,"{'clf__criterion': 'entropy', 'tfidf__use_idf': False, 'vect__ngram_range': (1, 1), 'vect__stemming': True, 'vect__stop_words': 'english'}",RFC
0,0.7026583034647551,0.7036229778165262,0.6710950080515298,0.6756756756756757,0.6756756756756757,0.674712643678161,0.677726001863933,"{'clf__C': 10, 'clf__solver': 'liblinear', 'tfidf__use_idf': False, 'vect__ngram_range': (1, 1), 'vect__stemming': True, 'vect__stop_words': 'english'}",LRC
