,precision macro average,precision weighted average,recall macro average,recall weighted average,accuracy,F1 macro average,F1 weighted average,GS Best Params,classifier
0,0.728340375266912,0.739985965248334,0.7226984126984126,0.7162162162162162,0.7162162162162162,0.7161674315116119,0.7192952902840264,"{'clf__alpha': 0.4, 'clf__fit_prior': True, 'tfidf__use_idf': False, 'vect__ngram_range': (1, 2), 'vect__stemming': True, 'vect__stop_words': 'english'}",MNB
0,0.7393217893217893,0.751012051012051,0.7331746031746031,0.7162162162162162,0.7162162162162162,0.7149087493290391,0.7132458545502024,"{'clf__C': 1, 'clf__loss': 'hinge', 'tfidf__use_idf': False, 'vect__ngram_range': (1, 2), 'vect__stemming': True, 'vect__stop_words': 'english'}",LSVC
0,0.7627450980392156,0.7757154213036566,0.7465079365079365,0.7297297297297297,0.7297297297297297,0.7303872053872055,0.7296614796614798,"{'clf__alpha': 0.01, 'tfidf__use_idf': False, 'vect__ngram_range': (1, 2), 'vect__stemming': True, 'vect__stop_words': 'english'}",SGDC
0,0.6746880570409983,0.6968372115430941,0.542063492063492,0.5135135135135135,0.5135135135135135,0.50995225995226,0.5070259968908618,"{'clf__criterion': 'gini', 'tfidf__use_idf': False, 'vect__ngram_range': (1, 1), 'vect__stemming': True, 'vect__stop_words': 'english'}",RFC
0,0.7641325536062379,0.7785680417259365,0.7346031746031745,0.7162162162162162,0.7162162162162162,0.7184442408406574,0.7178223474416082,"{'clf__C': 6, 'clf__solver': 'liblinear', 'tfidf__use_idf': False, 'vect__ngram_range': (1, 2), 'vect__stemming': True, 'vect__stop_words': 'english'}",LRC
