,precision macro average,precision weighted average,recall macro average,recall weighted average,accuracy,F1 macro average,F1 weighted average,GS Best Params,classifier
0,0.7057338086749851,0.7337886014356603,0.683884778258644,0.6621621621621622,0.6621621621621622,0.6625195094760311,0.6665587996022778,"{'clf__alpha': 0.4, 'clf__fit_prior': False, 'tfidf__use_idf': False, 'vect__ngram_range': (1, 1), 'vect__stemming': True, 'vect__stop_words': 'english'}",MNB
0,0.7746352413019079,0.7966056966056965,0.7750942342593885,0.7702702702702703,0.7702702702702703,0.765440195517887,0.7741155291099797,"{'clf__C': 1, 'clf__loss': 'hinge', 'tfidf__use_idf': False, 'vect__ngram_range': (1, 2), 'vect__stemming': True, 'vect__stop_words': 'english'}",LSVC
0,0.7329125759700794,0.7601929418899966,0.7183675368793336,0.7027027027027027,0.7027027027027027,0.7031292517006803,0.7103805846662989,"{'clf__alpha': 0.01, 'tfidf__use_idf': False, 'vect__ngram_range': (1, 1), 'vect__stemming': True, 'vect__stop_words': 'english'}",SGDC
0,0.713184843830005,0.7378949225723419,0.67192517101773,0.6756756756756757,0.6756756756756757,0.6675949950988871,0.6824333674619093,"{'clf__criterion': 'entropy', 'tfidf__use_idf': False, 'vect__ngram_range': (1, 2), 'vect__stemming': True, 'vect__stop_words': 'english'}",RFC
0,0.732063492063492,0.7542599742599742,0.7298617897528968,0.7162162162162162,0.7162162162162162,0.7155778055903212,0.7206636674221155,"{'clf__C': 8, 'clf__solver': 'saga', 'tfidf__use_idf': False, 'vect__ngram_range': (1, 2), 'vect__stemming': True, 'vect__stop_words': 'english'}",LRC
