,precision macro average,precision weighted average,recall macro average,recall weighted average,accuracy,F1 macro average,F1 weighted average,GS Best Params,classifier
0,0.7240377632534495,0.7238120473414591,0.7177777777777777,0.7162162162162162,0.7162162162162162,0.7102113572701807,0.7092099739158562,"{'clf__alpha': 1, 'clf__fit_prior': True, 'tfidf__use_idf': False, 'vect__ngram_range': (1, 2), 'vect__stemming': True, 'vect__stop_words': 'english'}",MNB
0,0.7473316912972087,0.7464912572671193,0.7427777777777779,0.7432432432432432,0.7432432432432432,0.7424036281179139,0.7422258993687567,"{'clf__C': 1, 'clf__loss': 'squared_hinge', 'tfidf__use_idf': False, 'vect__ngram_range': (1, 2), 'vect__stemming': True, 'vect__stop_words': 'english'}",LSVC
0,0.6960678210678211,0.6959020709020709,0.6894444444444444,0.6891891891891891,0.6891891891891891,0.6910823408715822,0.6908492193518287,"{'clf__alpha': 0.01, 'tfidf__use_idf': False, 'vect__ngram_range': (1, 2), 'vect__stemming': True, 'vect__stop_words': 'english'}",SGDC
0,0.7116402116402116,0.7096739596739596,0.6333333333333333,0.6351351351351351,0.6351351351351351,0.6365358032359621,0.6366027877747127,"{'clf__criterion': 'gini', 'tfidf__use_idf': False, 'vect__ngram_range': (1, 1), 'vect__stemming': True, 'vect__stop_words': 'english'}",RFC
0,0.7652696556205328,0.7642313365997576,0.7555555555555555,0.7567567567567568,0.7567567567567568,0.755802702489846,0.7559596843273895,"{'clf__C': 8, 'clf__solver': 'saga', 'tfidf__use_idf': False, 'vect__ngram_range': (1, 2), 'vect__stemming': True, 'vect__stop_words': 'english'}",LRC
