,precision macro average,precision weighted average,recall macro average,recall weighted average,accuracy,F1 macro average,F1 weighted average,GS Best Params,classifier
0,0.7251461988304094,0.7443639812060865,0.7035632183908046,0.6891891891891891,0.6891891891891891,0.6915548380587225,0.6957107445453727,"{'clf__alpha': 0.4, 'clf__fit_prior': True, 'tfidf__use_idf': False, 'vect__ngram_range': (1, 2), 'vect__stemming': True, 'vect__stop_words': 'english'}",MNB
0,0.7754985754985756,0.7858396858396859,0.7577011494252873,0.7567567567567568,0.7567567567567568,0.7553369550936003,0.7606845247331272,"{'clf__C': 1, 'clf__loss': 'hinge', 'tfidf__use_idf': False, 'vect__ngram_range': (1, 2), 'vect__stemming': True, 'vect__stop_words': 'english'}",LSVC
0,0.7259731478798416,0.736316148080854,0.7080459770114942,0.7027027027027027,0.7027027027027027,0.7016967706622879,0.7052767052767053,"{'clf__alpha': 0.01, 'tfidf__use_idf': False, 'vect__ngram_range': (1, 1), 'vect__stemming': True, 'vect__stop_words': 'english'}",SGDC
0,0.6687979539641944,0.6762113776180272,0.654367816091954,0.6621621621621622,0.6621621621621622,0.6512858373323489,0.6587002284676704,"{'clf__criterion': 'gini', 'tfidf__use_idf': False, 'vect__ngram_range': (1, 1), 'vect__stemming': True, 'vect__stop_words': 'english'}",RFC
0,0.7470343137254902,0.752737480127186,0.7310344827586207,0.7297297297297297,0.7297297297297297,0.7264983953508545,0.7290299667348848,"{'clf__C': 4, 'clf__solver': 'liblinear', 'tfidf__use_idf': False, 'vect__ngram_range': (1, 1), 'vect__stemming': True, 'vect__stop_words': 'english'}",LRC
