,precision macro average,precision weighted average,recall macro average,recall weighted average,accuracy,F1 macro average,F1 weighted average,GS Best Params,classifier
0,0.6751739618406285,0.6770752570752571,0.6783216783216783,0.6756756756756757,0.6756756756756757,0.6742773986350863,0.6739220653813186,"{'clf__alpha': 0.4, 'clf__fit_prior': False, 'tfidf__use_idf': False, 'vect__ngram_range': (1, 2), 'vect__stemming': True, 'vect__stop_words': 'english'}",MNB
0,0.6962947446818414,0.6970772615933907,0.6888111888111887,0.6891891891891891,0.6891891891891891,0.6881412105376271,0.6884829958738133,"{'clf__C': 1, 'clf__loss': 'hinge', 'tfidf__use_idf': False, 'vect__ngram_range': (1, 1), 'vect__stemming': True, 'vect__stop_words': 'english'}",LSVC
0,0.6933361629881154,0.6970300096361217,0.675990675990676,0.6756756756756757,0.6756756756756757,0.6766505636070853,0.6779736257997128,"{'clf__alpha': 0.01, 'tfidf__use_idf': False, 'vect__ngram_range': (1, 2), 'vect__stemming': True, 'vect__stop_words': 'english'}",SGDC
0,0.7263305322128852,0.7242561889620713,0.6585081585081585,0.6621621621621622,0.6621621621621622,0.6590945321217918,0.6586852275517987,"{'clf__criterion': 'gini', 'tfidf__use_idf': False, 'vect__ngram_range': (1, 1), 'vect__stemming': True, 'vect__stop_words': 'english'}",RFC
0,0.6840909090909091,0.6832309582309583,0.6736596736596736,0.6756756756756757,0.6756756756756757,0.6743295019157088,0.6747437092264679,"{'clf__C': 6, 'clf__solver': 'liblinear', 'tfidf__use_idf': False, 'vect__ngram_range': (1, 2), 'vect__stemming': True, 'vect__stop_words': 'english'}",LRC
