,precision macro average,precision weighted average,recall macro average,recall weighted average,accuracy,F1 macro average,F1 weighted average,GS Best Params,classifier
0,0.7374603174603175,0.7394079794079794,0.7318376068376068,0.7297297297297297,0.7297297297297297,0.7304073839028247,0.73021811015732,"{'clf__alpha': 0.4, 'clf__fit_prior': True, 'tfidf__use_idf': False, 'vect__ngram_range': (1, 2), 'vect__stemming': True, 'vect__stop_words': 'english'}",MNB
0,0.7093650793650793,0.7085328185328185,0.701923076923077,0.7027027027027027,0.7027027027027027,0.7041068279163518,0.7040959326673613,"{'clf__C': 1, 'clf__loss': 'hinge', 'tfidf__use_idf': False, 'vect__ngram_range': (1, 2), 'vect__stemming': True, 'vect__stop_words': 'english'}",LSVC
0,0.7042161692263113,0.7035230681275306,0.6741452991452991,0.6756756756756757,0.6756756756756757,0.6797282018941783,0.6803761884295709,"{'clf__alpha': 0.01, 'tfidf__use_idf': False, 'vect__ngram_range': (1, 1), 'vect__stemming': True, 'vect__stop_words': 'english'}",SGDC
0,0.663003663003663,0.6589446589446589,0.6036324786324786,0.6081081081081081,0.6081081081081081,0.6082471135102714,0.6084400189663347,"{'clf__criterion': 'gini', 'tfidf__use_idf': False, 'vect__ngram_range': (1, 1), 'vect__stemming': True, 'vect__stop_words': 'english'}",RFC
0,0.7000000000000001,0.6981981981981983,0.6880341880341879,0.6891891891891891,0.6891891891891891,0.6908369408369408,0.6905054405054404,"{'clf__C': 8, 'clf__solver': 'saga', 'tfidf__use_idf': False, 'vect__ngram_range': (1, 2), 'vect__stemming': True, 'vect__stop_words': 'english'}",LRC
