,precision macro average,precision weighted average,recall macro average,recall weighted average,accuracy,F1 macro average,F1 weighted average,GS Best Params,classifier
0,0.7623015873015874,0.7622586872586873,0.741411701556629,0.7432432432432432,0.7432432432432432,0.7390092879256965,0.7402616238529551,"{'clf__alpha': 1, 'clf__fit_prior': True, 'tfidf__use_idf': False, 'vect__ngram_range': (1, 1), 'vect__stemming': True, 'vect__stop_words': 'english'}",MNB
0,0.7823725981620718,0.784071665650613,0.7685856146001074,0.7702702702702703,0.7702702702702703,0.770232558139535,0.7721181646763042,"{'clf__C': 1, 'clf__loss': 'hinge', 'tfidf__use_idf': False, 'vect__ngram_range': (1, 1), 'vect__stemming': True, 'vect__stop_words': 'english'}",LSVC
0,0.7841781874039939,0.7830676298418234,0.7408078368223295,0.7432432432432432,0.7432432432432432,0.7445779372757061,0.7456701513496645,"{'clf__alpha': 0.01, 'tfidf__use_idf': False, 'vect__ngram_range': (1, 2), 'vect__stemming': True, 'vect__stop_words': 'english'}",SGDC
0,0.7333333333333334,0.7351351351351351,0.6305689747718733,0.6216216216216216,0.6216216216216216,0.6135654642930529,0.6122598791046291,"{'clf__criterion': 'entropy', 'tfidf__use_idf': False, 'vect__ngram_range': (1, 1), 'vect__stemming': True, 'vect__stop_words': 'english'}",RFC
0,0.7713920817369093,0.7722895309102206,0.7546967257112184,0.7567567567567568,0.7567567567567568,0.7558730158730159,0.7575675675675676,"{'clf__C': 10, 'clf__solver': 'saga', 'tfidf__use_idf': False, 'vect__ngram_range': (1, 2), 'vect__stemming': True, 'vect__stop_words': 'english'}",LRC
