,precision macro average,precision weighted average,recall macro average,recall weighted average,accuracy,F1 macro average,F1 weighted average,GS Best Params,classifier
0,0.7182842859837767,0.7183824316676609,0.7234559643255296,0.7162162162162162,0.7162162162162162,0.7103928170594838,0.7071598871598871,"{'clf__alpha': 1, 'clf__fit_prior': True, 'tfidf__use_idf': False, 'vect__ngram_range': (1, 1), 'vect__stemming': True, 'vect__stop_words': 'english'}",MNB
0,0.7078754578754579,0.7078259578259578,0.7076700111482719,0.7027027027027027,0.7027027027027027,0.7023098000479929,0.6996538987632389,"{'clf__C': 1, 'clf__loss': 'hinge', 'tfidf__use_idf': False, 'vect__ngram_range': (1, 1), 'vect__stemming': True, 'vect__stop_words': 'english'}",LSVC
0,0.7411858974358975,0.7443152286902286,0.7203567447045708,0.7162162162162162,0.7162162162162162,0.7127342164936149,0.7115181776835913,"{'clf__alpha': 0.01, 'tfidf__use_idf': False, 'vect__ngram_range': (1, 1), 'vect__stemming': True, 'vect__stop_words': 'english'}",SGDC
0,0.7168126825198163,0.7134627744139634,0.6132887402452619,0.6081081081081081,0.6081081081081081,0.6018518518518519,0.5957207207207208,"{'clf__criterion': 'gini', 'tfidf__use_idf': False, 'vect__ngram_range': (1, 1), 'vect__stemming': True, 'vect__stop_words': 'english'}",RFC
0,0.7178680396643783,0.7182610241820768,0.7053511705685619,0.7027027027027027,0.7027027027027027,0.7025171624713957,0.7010431484115695,"{'clf__C': 4, 'clf__solver': 'saga', 'tfidf__use_idf': False, 'vect__ngram_range': (1, 2), 'vect__stemming': True, 'vect__stop_words': 'english'}",LRC
