,precision macro average,precision weighted average,recall macro average,recall weighted average,accuracy,F1 macro average,F1 weighted average,GS Best Params,classifier
0,0.7444444444444445,0.7851351351351351,0.7358024691358024,0.6891891891891891,0.6891891891891891,0.686039886039886,0.6860706860706861,"{'clf__alpha': 0.4, 'clf__fit_prior': True, 'tfidf__use_idf': False, 'vect__ngram_range': (1, 2), 'vect__stemming': True, 'vect__stop_words': 'english'}",MNB
0,0.7835648148148149,0.8241835585585585,0.7814814814814816,0.7432432432432432,0.7432432432432432,0.7419134320394826,0.7470434119593784,"{'clf__C': 1, 'clf__loss': 'hinge', 'tfidf__use_idf': False, 'vect__ngram_range': (1, 2), 'vect__stemming': True, 'vect__stop_words': 'english'}",LSVC
0,0.7493315508021391,0.7887549983138218,0.745679012345679,0.7027027027027027,0.7027027027027027,0.7019830343484911,0.7040970131583398,"{'clf__alpha': 0.01, 'tfidf__use_idf': False, 'vect__ngram_range': (1, 2), 'vect__stemming': True, 'vect__stop_words': 'english'}",SGDC
0,0.7171717171717172,0.7805077805077805,0.5777777777777778,0.5135135135135135,0.5135135135135135,0.5150375939849624,0.519355821987401,"{'clf__criterion': 'gini', 'tfidf__use_idf': False, 'vect__ngram_range': (1, 1), 'vect__stemming': True, 'vect__stop_words': 'english'}",RFC
0,0.7433757868540477,0.7801160844639106,0.745679012345679,0.7027027027027027,0.7027027027027027,0.7022222222222222,0.7037837837837838,"{'clf__C': 4, 'clf__solver': 'liblinear', 'tfidf__use_idf': False, 'vect__ngram_range': (1, 1), 'vect__stemming': True, 'vect__stop_words': 'english'}",LRC
