,precision macro average,precision weighted average,recall macro average,recall weighted average,accuracy,F1 macro average,F1 weighted average,GS Best Params,classifier
0,0.5841595680305357,0.6020712794906343,0.5925925925925926,0.5675675675675675,0.5675675675675675,0.5673469387755102,0.5667953667953668,"{'clf__alpha': 0.4, 'clf__fit_prior': False, 'tfidf__use_idf': False, 'vect__ngram_range': (1, 1), 'vect__stemming': True, 'vect__stop_words': 'english'}",MNB
0,0.6525974025974026,0.6635661635661636,0.6507936507936508,0.6486486486486487,0.6486486486486487,0.6429697351828499,0.6466974540745033,"{'clf__C': 1, 'clf__loss': 'hinge', 'tfidf__use_idf': False, 'vect__ngram_range': (1, 1), 'vect__stemming': True, 'vect__stop_words': 'english'}",LSVC
0,0.6752297410192147,0.7037356905777958,0.6574074074074074,0.6486486486486487,0.6486486486486487,0.6477223670563171,0.6588716881038805,"{'clf__alpha': 0.01, 'tfidf__use_idf': False, 'vect__ngram_range': (1, 2), 'vect__stemming': True, 'vect__stop_words': 'english'}",SGDC
0,0.5928571428571429,0.6256756756756756,0.5224867724867726,0.5405405405405406,0.5405405405405406,0.525234655265615,0.5464256826485928,"{'clf__criterion': 'gini', 'tfidf__use_idf': False, 'vect__ngram_range': (1, 1), 'vect__stemming': True, 'vect__stop_words': 'english'}",RFC
0,0.6392156862745099,0.6512718600953895,0.6322751322751322,0.6351351351351351,0.6351351351351351,0.6271222410865874,0.6336323590143624,"{'clf__C': 6, 'clf__solver': 'newton-cg', 'tfidf__use_idf': False, 'vect__ngram_range': (1, 1), 'vect__stemming': True, 'vect__stop_words': 'english'}",LRC
