,precision macro average,precision weighted average,recall macro average,recall weighted average,accuracy,F1 macro average,F1 weighted average,GS Best Params,classifier
0,0.7648287385129491,0.7748763801395381,0.7725274725274724,0.7567567567567568,0.7567567567567568,0.7538744418177042,0.7509211338998573,"{'clf__alpha': 1, 'clf__fit_prior': False, 'tfidf__use_idf': False, 'vect__ngram_range': (1, 2), 'vect__stemming': True, 'vect__stop_words': 'english'}",MNB
0,0.7853801169590643,0.7845424371740162,0.7802197802197801,0.7837837837837838,0.7837837837837838,0.7822159809989424,0.7835630918795219,"{'clf__C': 1, 'clf__loss': 'hinge', 'tfidf__use_idf': False, 'vect__ngram_range': (1, 2), 'vect__stemming': True, 'vect__stop_words': 'english'}",LSVC
0,0.7821067821067821,0.7866502866502867,0.784981684981685,0.7837837837837838,0.7837837837837838,0.7825396825396825,0.7842985842985843,"{'clf__alpha': 0.01, 'tfidf__use_idf': False, 'vect__ngram_range': (1, 2), 'vect__stemming': True, 'vect__stop_words': 'english'}",SGDC
0,0.7300150829562594,0.7327463209816151,0.6899267399267398,0.7027027027027027,0.7027027027027027,0.6918406742298301,0.6981977867452575,"{'clf__criterion': 'entropy', 'tfidf__use_idf': False, 'vect__ngram_range': (1, 1), 'vect__stemming': True, 'vect__stop_words': 'english'}",RFC
0,0.7889845764608573,0.7857838863531462,0.7754578754578755,0.7837837837837838,0.7837837837837838,0.7798489493404747,0.7826323804335713,"{'clf__C': 4, 'clf__solver': 'newton-cg', 'tfidf__use_idf': False, 'vect__ngram_range': (1, 2), 'vect__stemming': True, 'vect__stop_words': 'english'}",LRC
