,precision macro average,precision weighted average,recall macro average,recall weighted average,accuracy,F1 macro average,F1 weighted average,GS Best Params,classifier
0,0.7062784709843534,0.7487032487032487,0.675343137254902,0.6486486486486487,0.6486486486486487,0.6532907736738105,0.6658286193169913,"{'clf__alpha': 0.4, 'clf__fit_prior': True, 'tfidf__use_idf': False, 'vect__ngram_range': (1, 2), 'vect__stemming': True, 'vect__stop_words': 'english'}",MNB
0,0.7255291005291005,0.7700557700557701,0.6924754901960783,0.6621621621621622,0.6621621621621622,0.6563860667634253,0.6709292747028596,"{'clf__C': 1, 'clf__loss': 'squared_hinge', 'tfidf__use_idf': False, 'vect__ngram_range': (1, 2), 'vect__stemming': True, 'vect__stop_words': 'english'}",LSVC
0,0.7420289855072464,0.7869565217391304,0.6583088235294118,0.6216216216216216,0.6216216216216216,0.6211412369307107,0.6341990315674526,"{'clf__alpha': 0.01, 'tfidf__use_idf': False, 'vect__ngram_range': (1, 2), 'vect__stemming': True, 'vect__stop_words': 'english'}",SGDC
0,0.7393939393939394,0.801965601965602,0.5441666666666667,0.47297297297297297,0.47297297297297297,0.4740623287134915,0.47341501120570884,"{'clf__criterion': 'entropy', 'tfidf__use_idf': False, 'vect__ngram_range': (1, 1), 'vect__stemming': True, 'vect__stop_words': 'english'}",RFC
0,0.7035455486542442,0.7489770438140002,0.6757843137254902,0.6486486486486487,0.6486486486486487,0.6461140485530729,0.6612713259054722,"{'clf__C': 8, 'clf__solver': 'newton-cg', 'tfidf__use_idf': False, 'vect__ngram_range': (1, 2), 'vect__stemming': True, 'vect__stop_words': 'english'}",LRC
