,precision macro average,precision weighted average,recall macro average,recall weighted average,accuracy,F1 macro average,F1 weighted average,GS Best Params,classifier
0,0.6921436588103255,0.7101965601965602,0.7298636001592991,0.6891891891891891,0.6891891891891891,0.6923068182463795,0.6837041827837962,"{'clf__alpha': 0.4, 'clf__fit_prior': False, 'tfidf__use_idf': False, 'vect__ngram_range': (1, 1), 'vect__stemming': True, 'vect__stop_words': 'english'}",MNB
0,0.7290660225442834,0.7533620577098837,0.7520410195141377,0.7297297297297297,0.7297297297297297,0.7280459770114942,0.7320037278657968,"{'clf__C': 1, 'clf__loss': 'hinge', 'tfidf__use_idf': False, 'vect__ngram_range': (1, 1), 'vect__stemming': True, 'vect__stop_words': 'english'}",LSVC
0,0.7654999321665988,0.7961972961972962,0.7836270410195141,0.7567567567567568,0.7567567567567568,0.7548576902025177,0.7610920649713754,"{'clf__alpha': 0.01, 'tfidf__use_idf': False, 'vect__ngram_range': (1, 1), 'vect__stemming': True, 'vect__stop_words': 'english'}",SGDC
0,0.7406417112299465,0.7661873103049575,0.7195340501792113,0.7162162162162162,0.7162162162162162,0.7130904183535763,0.7249151985994091,"{'clf__criterion': 'gini', 'tfidf__use_idf': False, 'vect__ngram_range': (1, 1), 'vect__stemming': True, 'vect__stop_words': 'english'}",RFC
0,0.7507122507122507,0.7662855162855162,0.7767323775388291,0.7567567567567568,0.7567567567567568,0.7571255465992307,0.7560839644765676,"{'clf__C': 6, 'clf__solver': 'newton-cg', 'tfidf__use_idf': False, 'vect__ngram_range': (1, 1), 'vect__stemming': True, 'vect__stop_words': 'english'}",LRC
