,precision macro average,precision weighted average,recall macro average,recall weighted average,accuracy,F1 macro average,F1 weighted average,GS Best Params,classifier
0,0.7313793103448276,0.731071761416589,0.7307692307692308,0.7297297297297297,0.7297297297297297,0.7267177883160126,0.7261546684410171,"{'clf__alpha': 0.4, 'clf__fit_prior': True, 'tfidf__use_idf': False, 'vect__ngram_range': (1, 2), 'vect__stemming': True, 'vect__stop_words': 'english'}",MNB
0,0.7769230769230768,0.7739431739431739,0.7403846153846154,0.7432432432432432,0.7432432432432432,0.7412371432710416,0.7413594559357272,"{'clf__C': 1, 'clf__loss': 'hinge', 'tfidf__use_idf': False, 'vect__ngram_range': (1, 2), 'vect__stemming': True, 'vect__stop_words': 'english'}",LSVC
0,0.7952586206896551,0.793336439888164,0.7692307692307692,0.7702702702702703,0.7702702702702703,0.7686963979416809,0.7685596402577535,"{'clf__alpha': 0.01, 'tfidf__use_idf': False, 'vect__ngram_range': (1, 2), 'vect__stemming': True, 'vect__stop_words': 'english'}",SGDC
0,0.7234204793028322,0.717081787670023,0.6153846153846154,0.6216216216216216,0.6216216216216216,0.6216585874778935,0.6216061475422519,"{'clf__criterion': 'gini', 'tfidf__use_idf': False, 'vect__ngram_range': (1, 1), 'vect__stemming': True, 'vect__stop_words': 'english'}",RFC
0,0.7769230769230768,0.7739431739431739,0.7403846153846154,0.7432432432432432,0.7432432432432432,0.7412371432710416,0.7413594559357272,"{'clf__C': 4, 'clf__solver': 'liblinear', 'tfidf__use_idf': False, 'vect__ngram_range': (1, 2), 'vect__stemming': True, 'vect__stop_words': 'english'}",LRC
