,precision macro average,precision weighted average,recall macro average,recall weighted average,accuracy,F1 macro average,F1 weighted average,GS Best Params,classifier
0,0.690952380952381,0.6906177606177606,0.6880341880341879,0.6891891891891891,0.6891891891891891,0.6880826404635929,0.6885048313619743,"{'clf__alpha': 1, 'clf__fit_prior': True, 'tfidf__use_idf': False, 'vect__ngram_range': (1, 2), 'vect__stemming': True, 'vect__stop_words': 'english'}",MNB
0,0.6655260332796565,0.6663402532967749,0.6634615384615384,0.6621621621621622,0.6621621621621622,0.6629485127384287,0.662681288731709,"{'clf__C': 1, 'clf__loss': 'hinge', 'tfidf__use_idf': False, 'vect__ngram_range': (1, 1), 'vect__stemming': True, 'vect__stop_words': 'english'}",LSVC
0,0.7194982078853047,0.7184306887532694,0.7040598290598291,0.7027027027027027,0.7027027027027027,0.7027417027417027,0.7017667017667018,"{'clf__alpha': 0.01, 'tfidf__use_idf': False, 'vect__ngram_range': (1, 2), 'vect__stemming': True, 'vect__stop_words': 'english'}",SGDC
0,0.6559454191033138,0.653864390706496,0.5715811965811967,0.5675675675675675,0.5675675675675675,0.551993937671687,0.5502883958126926,"{'clf__criterion': 'entropy', 'tfidf__use_idf': False, 'vect__ngram_range': (1, 1), 'vect__stemming': True, 'vect__stop_words': 'english'}",RFC
0,0.684472049689441,0.6852778244082591,0.6784188034188033,0.6756756756756757,0.6756756756756757,0.6761229314420804,0.675100632547441,"{'clf__C': 4, 'clf__solver': 'liblinear', 'tfidf__use_idf': False, 'vect__ngram_range': (1, 1), 'vect__stemming': True, 'vect__stop_words': 'english'}",LRC
