,precision macro average,precision weighted average,recall macro average,recall weighted average,accuracy,F1 macro average,F1 weighted average,GS Best Params,classifier
0,0.7636015325670499,0.7657347002174588,0.7540792540792541,0.7432432432432432,0.7432432432432432,0.7358919177427069,0.73115475590368,"{'clf__alpha': 1, 'clf__fit_prior': True, 'tfidf__use_idf': False, 'vect__ngram_range': (1, 2), 'vect__stemming': True, 'vect__stop_words': 'english'}",MNB
0,0.8004713804713806,0.797057057057057,0.8006993006993007,0.7972972972972973,0.7972972972972973,0.8003957443469097,0.7969773324934257,"{'clf__C': 1, 'clf__loss': 'hinge', 'tfidf__use_idf': False, 'vect__ngram_range': (1, 2), 'vect__stemming': True, 'vect__stop_words': 'english'}",LSVC
0,0.7983682983682985,0.7999432999432999,0.8030303030303031,0.7972972972972973,0.7972972972972973,0.797008547008547,0.795045045045045,"{'clf__alpha': 0.01, 'tfidf__use_idf': False, 'vect__ngram_range': (1, 2), 'vect__stemming': True, 'vect__stop_words': 'english'}",SGDC
0,0.6992240215924426,0.7000355618776671,0.6456876456876457,0.6486486486486487,0.6486486486486487,0.6489889514279759,0.6497912546693034,"{'clf__criterion': 'entropy', 'tfidf__use_idf': False, 'vect__ngram_range': (1, 1), 'vect__stemming': True, 'vect__stop_words': 'english'}",RFC
0,0.7895200965376402,0.7866776550987078,0.7808857808857809,0.7837837837837838,0.7837837837837838,0.7833398669416463,0.7834940324585975,"{'clf__C': 8, 'clf__solver': 'liblinear', 'tfidf__use_idf': False, 'vect__ngram_range': (1, 1), 'vect__stemming': True, 'vect__stop_words': 'english'}",LRC
