,precision macro average,precision weighted average,recall macro average,recall weighted average,accuracy,F1 macro average,F1 weighted average,GS Best Params,classifier
0,0.7561111111111112,0.7675675675675675,0.7588259441707718,0.7567567567567568,0.7567567567567568,0.7540928609769191,0.758802280541411,"{'clf__alpha': 1, 'clf__fit_prior': True, 'tfidf__use_idf': False, 'vect__ngram_range': (1, 1), 'vect__stemming': True, 'vect__stop_words': 'english'}",MNB
0,0.8076702508960573,0.8115170008718395,0.7965243568691843,0.7972972972972973,0.7972972972972973,0.7946818613485279,0.7970739970739971,"{'clf__C': 1, 'clf__loss': 'hinge', 'tfidf__use_idf': False, 'vect__ngram_range': (1, 1), 'vect__stemming': True, 'vect__stop_words': 'english'}",LSVC
0,0.803107705406556,0.8051758655206931,0.7941297208538588,0.7972972972972973,0.7972972972972973,0.7943707236160066,0.7972181439162572,"{'clf__alpha': 0.01, 'tfidf__use_idf': False, 'vect__ngram_range': (1, 1), 'vect__stemming': True, 'vect__stop_words': 'english'}",SGDC
0,0.7361111111111112,0.7370495495495496,0.6566091954022989,0.6351351351351351,0.6351351351351351,0.6339014973161315,0.6190494854964204,"{'clf__criterion': 'entropy', 'tfidf__use_idf': False, 'vect__ngram_range': (1, 1), 'vect__stemming': True, 'vect__stop_words': 'english'}",RFC
0,0.8184795321637427,0.821678520625889,0.8123973727422004,0.8108108108108109,0.8108108108108109,0.8098765432098766,0.8106106106106107,"{'clf__C': 4, 'clf__solver': 'liblinear', 'tfidf__use_idf': False, 'vect__ngram_range': (1, 1), 'vect__stemming': True, 'vect__stop_words': 'english'}",LRC
