,precision macro average,precision weighted average,recall macro average,recall weighted average,accuracy,F1 macro average,F1 weighted average,GS Best Params,classifier
0,0.6816378066378066,0.696523634023634,0.6914002512913583,0.6756756756756757,0.6756756756756757,0.6742773986350863,0.6753867978777653,"{'clf__alpha': 0.4, 'clf__fit_prior': True, 'tfidf__use_idf': False, 'vect__ngram_range': (1, 2), 'vect__stemming': True, 'vect__stop_words': 'english'}",MNB
0,0.7062268150503445,0.7176524298543376,0.6832565498627204,0.6891891891891891,0.6891891891891891,0.6783824640967498,0.6853741496598641,"{'clf__C': 1, 'clf__loss': 'hinge', 'tfidf__use_idf': False, 'vect__ngram_range': (1, 1), 'vect__stemming': True, 'vect__stop_words': 'english'}",LSVC
0,0.7333333333333334,0.7465894465894466,0.7109684024384569,0.7162162162162162,0.7162162162162162,0.7099867080194948,0.7178165227700006,"{'clf__alpha': 0.01, 'tfidf__use_idf': False, 'vect__ngram_range': (1, 1), 'vect__stemming': True, 'vect__stop_words': 'english'}",SGDC
0,0.6837169650468883,0.7111356881177853,0.5920238261436084,0.5945945945945946,0.5945945945945946,0.5722222222222222,0.5781531531531531,"{'clf__criterion': 'gini', 'tfidf__use_idf': False, 'vect__ngram_range': (1, 1), 'vect__stemming': True, 'vect__stop_words': 'english'}",RFC
0,0.6853818103818105,0.6961263870047655,0.6657126902135976,0.6756756756756757,0.6756756756756757,0.6605291005291005,0.6697468897468898,"{'clf__C': 8, 'clf__solver': 'liblinear', 'tfidf__use_idf': False, 'vect__ngram_range': (1, 1), 'vect__stemming': True, 'vect__stop_words': 'english'}",LRC
