,precision macro average,precision weighted average,recall macro average,recall weighted average,accuracy,F1 macro average,F1 weighted average,GS Best Params,classifier
0,0.6402116402116403,0.64993564993565,0.6191844553913519,0.6216216216216216,0.6216216216216216,0.6213151927437641,0.628056628056628,"{'clf__alpha': 0.4, 'clf__fit_prior': True, 'tfidf__use_idf': False, 'vect__ngram_range': (1, 1), 'vect__stemming': True, 'vect__stop_words': 'english'}",MNB
0,0.7295173961840629,0.7376922376922377,0.6668035030103995,0.6621621621621622,0.6621621621621622,0.6693353754757263,0.6730706270179955,"{'clf__C': 1, 'clf__loss': 'hinge', 'tfidf__use_idf': False, 'vect__ngram_range': (1, 2), 'vect__stemming': True, 'vect__stop_words': 'english'}",LSVC
0,0.7183908045977011,0.722972972972973,0.6529146141215106,0.6486486486486487,0.6486486486486487,0.6538829004671555,0.6560014884849154,"{'clf__alpha': 0.01, 'tfidf__use_idf': False, 'vect__ngram_range': (1, 2), 'vect__stemming': True, 'vect__stop_words': 'english'}",SGDC
0,0.636470588235294,0.6396343402225755,0.5022577996715928,0.47297297297297297,0.47297297297297297,0.4593761728858425,0.45170232951478634,"{'clf__criterion': 'entropy', 'tfidf__use_idf': False, 'vect__ngram_range': (1, 1), 'vect__stemming': True, 'vect__stop_words': 'english'}",RFC
0,0.6522875816993464,0.6607843137254901,0.6235632183908045,0.6216216216216216,0.6216216216216216,0.624934526656191,0.6292231460811089,"{'clf__C': 6, 'clf__solver': 'saga', 'tfidf__use_idf': False, 'vect__ngram_range': (1, 1), 'vect__stemming': True, 'vect__stop_words': 'english'}",LRC
