,precision macro average,precision weighted average,recall macro average,recall weighted average,accuracy,F1 macro average,F1 weighted average,GS Best Params,classifier
0,0.732514309646796,0.7423923993796951,0.7258297258297258,0.7162162162162162,0.7162162162162162,0.715839243498818,0.7152769791067665,"{'clf__alpha': 0.4, 'clf__fit_prior': True, 'tfidf__use_idf': False, 'vect__ngram_range': (1, 1), 'vect__stemming': True, 'vect__stop_words': 'english'}",MNB
0,0.7182842859837767,0.7173174872665534,0.7101370851370851,0.7162162162162162,0.7162162162162162,0.7123409581553443,0.714942515893322,"{'clf__C': 1, 'clf__loss': 'hinge', 'tfidf__use_idf': False, 'vect__ngram_range': (1, 1), 'vect__stemming': True, 'vect__stop_words': 'english'}",LSVC
0,0.7321731748726655,0.7308310007800669,0.7240259740259739,0.7297297297297297,0.7297297297297297,0.7262298470442331,0.7284560294068355,"{'clf__alpha': 0.01, 'tfidf__use_idf': False, 'vect__ngram_range': (1, 1), 'vect__stemming': True, 'vect__stop_words': 'english'}",SGDC
0,0.7032847326964973,0.6952495481907246,0.6533189033189033,0.6621621621621622,0.6621621621621622,0.6632144157262468,0.6632203189720481,"{'clf__criterion': 'gini', 'tfidf__use_idf': False, 'vect__ngram_range': (1, 1), 'vect__stemming': True, 'vect__stop_words': 'english'}",RFC
0,0.7027777777777778,0.7027027027027027,0.6982323232323232,0.7027027027027027,0.7027027027027027,0.6997126436781609,0.7019260639950294,"{'clf__C': 10, 'clf__solver': 'liblinear', 'tfidf__use_idf': False, 'vect__ngram_range': (1, 1), 'vect__stemming': True, 'vect__stop_words': 'english'}",LRC
