,precision macro average,precision weighted average,recall macro average,recall weighted average,accuracy,F1 macro average,F1 weighted average,GS Best Params,classifier
0,0.6942391899288451,0.7161468734744597,0.6954022988505747,0.6756756756756757,0.6756756756756757,0.6766024354342299,0.6803126390139638,"{'clf__alpha': 0.4, 'clf__fit_prior': False, 'tfidf__use_idf': False, 'vect__ngram_range': (1, 1), 'vect__stemming': True, 'vect__stop_words': 'english'}",MNB
0,0.7115539452495975,0.7315168429298864,0.7183908045977011,0.7162162162162162,0.7162162162162162,0.7096350837722213,0.7190146888720289,"{'clf__C': 1, 'clf__loss': 'hinge', 'tfidf__use_idf': False, 'vect__ngram_range': (1, 2), 'vect__stemming': True, 'vect__stop_words': 'english'}",LSVC
0,0.6704724774900214,0.7045315992684413,0.6530438484461473,0.6486486486486487,0.6486486486486487,0.6430488459473966,0.6584410497453976,"{'clf__alpha': 0.01, 'tfidf__use_idf': False, 'vect__ngram_range': (1, 2), 'vect__stemming': True, 'vect__stop_words': 'english'}",SGDC
0,0.68,0.7178378378378379,0.603448275862069,0.5945945945945946,0.5945945945945946,0.5672433426502738,0.571478756931542,"{'clf__criterion': 'gini', 'tfidf__use_idf': False, 'vect__ngram_range': (1, 1), 'vect__stemming': True, 'vect__stop_words': 'english'}",RFC
0,0.7100540638771523,0.7332089483513771,0.7122179650915283,0.7162162162162162,0.7162162162162162,0.7054945054945055,0.719008019008019,"{'clf__C': 6, 'clf__solver': 'liblinear', 'tfidf__use_idf': False, 'vect__ngram_range': (1, 2), 'vect__stemming': True, 'vect__stop_words': 'english'}",LRC
