,precision macro average,precision weighted average,recall macro average,recall weighted average,accuracy,F1 macro average,F1 weighted average,GS Best Params,classifier
0,0.6788110574342457,0.681056056056056,0.674314381270903,0.6756756756756757,0.6756756756756757,0.6758528428093644,0.6776299376299376,"{'clf__alpha': 1, 'clf__fit_prior': True, 'tfidf__use_idf': False, 'vect__ngram_range': (1, 1), 'vect__stemming': True, 'vect__stop_words': 'english'}",MNB
0,0.7231240981240982,0.7265780390780391,0.7183054626532887,0.7162162162162162,0.7162162162162162,0.7165866346538617,0.7173274715291523,"{'clf__C': 1, 'clf__loss': 'hinge', 'tfidf__use_idf': False, 'vect__ngram_range': (1, 1), 'vect__stemming': True, 'vect__stop_words': 'english'}",LSVC
0,0.7136044880785414,0.7152117053940334,0.7083166109253066,0.7027027027027027,0.7027027027027027,0.7016376921138825,0.6999244142101285,"{'clf__alpha': 0.01, 'tfidf__use_idf': False, 'vect__ngram_range': (1, 1), 'vect__stemming': True, 'vect__stop_words': 'english'}",SGDC
0,0.7483478401031594,0.7562911678603168,0.6487179487179487,0.6351351351351351,0.6351351351351351,0.6251122202341715,0.6223732066184274,"{'clf__criterion': 'gini', 'tfidf__use_idf': False, 'vect__ngram_range': (1, 1), 'vect__stemming': True, 'vect__stop_words': 'english'}",RFC
0,0.6830870279146141,0.6858385479075134,0.6793311036789298,0.6756756756756757,0.6756756756756757,0.6754066602090919,0.6750234485796796,"{'clf__C': 4, 'clf__solver': 'liblinear', 'tfidf__use_idf': False, 'vect__ngram_range': (1, 1), 'vect__stemming': True, 'vect__stop_words': 'english'}",LRC
