,precision macro average,precision weighted average,recall macro average,recall weighted average,accuracy,F1 macro average,F1 weighted average,GS Best Params,classifier
0,0.7126373626373627,0.7202108702108703,0.7119408369408369,0.7027027027027027,0.7027027027027027,0.7022222222222222,0.700900900900901,"{'clf__alpha': 0.4, 'clf__fit_prior': False, 'tfidf__use_idf': False, 'vect__ngram_range': (1, 1), 'vect__stemming': True, 'vect__stop_words': 'english'}",MNB
0,0.7564102564102564,0.7596153846153846,0.7615440115440114,0.7567567567567568,0.7567567567567568,0.7566332218506132,0.7557082165777818,"{'clf__C': 1, 'clf__loss': 'hinge', 'tfidf__use_idf': False, 'vect__ngram_range': (1, 1), 'vect__stemming': True, 'vect__stop_words': 'english'}",LSVC
0,0.7717391304347826,0.7755581668625147,0.7754329004329005,0.7702702702702703,0.7702702702702703,0.7694486341545166,0.7685078743902274,"{'clf__alpha': 0.01, 'tfidf__use_idf': False, 'vect__ngram_range': (1, 1), 'vect__stemming': True, 'vect__stop_words': 'english'}",SGDC
0,0.7314496314496314,0.7243973703433163,0.698051948051948,0.7027027027027027,0.7027027027027027,0.6986013986013986,0.697089397089397,"{'clf__criterion': 'gini', 'tfidf__use_idf': False, 'vect__ngram_range': (1, 1), 'vect__stemming': True, 'vect__stop_words': 'english'}",RFC
0,0.7223578890245558,0.7232012232012233,0.7198773448773448,0.7162162162162162,0.7162162162162162,0.7182659932659933,0.7170556920556921,"{'clf__C': 6, 'clf__solver': 'liblinear', 'tfidf__use_idf': False, 'vect__ngram_range': (1, 1), 'vect__stemming': True, 'vect__stop_words': 'english'}",LRC
