,precision macro average,precision weighted average,recall macro average,recall weighted average,accuracy,F1 macro average,F1 weighted average,GS Best Params,classifier
0,0.6296296296296297,0.6381381381381381,0.6194083694083695,0.6081081081081081,0.6081081081081081,0.6081588835212023,0.6062584323453889,"{'clf__alpha': 1, 'clf__fit_prior': True, 'tfidf__use_idf': False, 'vect__ngram_range': (1, 2), 'vect__stemming': True, 'vect__stop_words': 'english'}",MNB
0,0.6986571303459348,0.6987202499536465,0.6881313131313131,0.6891891891891891,0.6891891891891891,0.6847813605254697,0.6856087691660243,"{'clf__C': 1, 'clf__loss': 'squared_hinge', 'tfidf__use_idf': False, 'vect__ngram_range': (1, 1), 'vect__stemming': True, 'vect__stop_words': 'english'}",LSVC
0,0.742982823627985,0.7421223066384356,0.7397186147186147,0.7432432432432432,0.7432432432432432,0.7396849854476973,0.7409528172240037,"{'clf__alpha': 0.01, 'tfidf__use_idf': False, 'vect__ngram_range': (1, 2), 'vect__stemming': True, 'vect__stop_words': 'english'}",SGDC
0,0.7224358974358974,0.7116943866943867,0.6585497835497836,0.6756756756756757,0.6756756756756757,0.6543515397156349,0.656736902143087,"{'clf__criterion': 'gini', 'tfidf__use_idf': False, 'vect__ngram_range': (1, 1), 'vect__stemming': True, 'vect__stop_words': 'english'}",RFC
0,0.6974019607843137,0.6984181240063593,0.6848845598845599,0.6891891891891891,0.6891891891891891,0.6827769128755117,0.6855617423339271,"{'clf__C': 8, 'clf__solver': 'newton-cg', 'tfidf__use_idf': False, 'vect__ngram_range': (1, 1), 'vect__stemming': True, 'vect__stop_words': 'english'}",LRC
