,precision macro average,precision weighted average,recall macro average,recall weighted average,accuracy,F1 macro average,F1 weighted average,GS Best Params,classifier
0,0.74607938945507,0.7616665597609337,0.7527260179434091,0.7297297297297297,0.7297297297297297,0.7292517006802721,0.7239933811362381,"{'clf__alpha': 0.4, 'clf__fit_prior': True, 'tfidf__use_idf': False, 'vect__ngram_range': (1, 2), 'vect__stemming': True, 'vect__stop_words': 'english'}",MNB
0,0.7407407407407408,0.7672672672672672,0.6993788819875776,0.6756756756756757,0.6756756756756757,0.6751469497232209,0.670506253557101,"{'clf__C': 1, 'clf__loss': 'hinge', 'tfidf__use_idf': False, 'vect__ngram_range': (1, 1), 'vect__stemming': True, 'vect__stop_words': 'english'}",LSVC
0,0.7092592592592593,0.7397147147147148,0.6579020013802622,0.6351351351351351,0.6351351351351351,0.6336309574814485,0.6303884645901063,"{'clf__alpha': 0.01, 'tfidf__use_idf': False, 'vect__ngram_range': (1, 1), 'vect__stemming': True, 'vect__stop_words': 'english'}",SGDC
0,0.6674546887312846,0.7019359785317232,0.5630779848171152,0.5405405405405406,0.5405405405405406,0.5247863247863248,0.519126819126819,"{'clf__criterion': 'gini', 'tfidf__use_idf': False, 'vect__ngram_range': (1, 1), 'vect__stemming': True, 'vect__stop_words': 'english'}",RFC
0,0.7309941520467835,0.7581792318634424,0.6787439613526569,0.6621621621621622,0.6621621621621622,0.663023679417122,0.6632698272042534,"{'clf__C': 4, 'clf__solver': 'liblinear', 'tfidf__use_idf': False, 'vect__ngram_range': (1, 1), 'vect__stemming': True, 'vect__stop_words': 'english'}",LRC
