,precision macro average,precision weighted average,recall macro average,recall weighted average,accuracy,F1 macro average,F1 weighted average,GS Best Params,classifier
0,0.7232804232804232,0.7503003003003003,0.7078681552365763,0.6891891891891891,0.6891891891891891,0.6910243576910244,0.6924356789221655,"{'clf__alpha': 0.4, 'clf__fit_prior': True, 'tfidf__use_idf': False, 'vect__ngram_range': (1, 1), 'vect__stemming': True, 'vect__stop_words': 'english'}",MNB
0,0.7203296703296703,0.7435179685179686,0.7280701754385964,0.7297297297297297,0.7297297297297297,0.7206284153005464,0.7326650420912717,"{'clf__C': 1, 'clf__loss': 'hinge', 'tfidf__use_idf': False, 'vect__ngram_range': (1, 2), 'vect__stemming': True, 'vect__stop_words': 'english'}",LSVC
0,0.7222222222222222,0.7540540540540541,0.7230196703880915,0.7162162162162162,0.7162162162162162,0.7103013945119209,0.7212313528103002,"{'clf__alpha': 0.01, 'tfidf__use_idf': False, 'vect__ngram_range': (1, 2), 'vect__stemming': True, 'vect__stop_words': 'english'}",SGDC
0,0.6772374911909794,0.7366436203645506,0.6012759170653907,0.5405405405405406,0.5405405405405406,0.5377740539030861,0.521110972723876,"{'clf__criterion': 'gini', 'tfidf__use_idf': False, 'vect__ngram_range': (1, 1), 'vect__stemming': True, 'vect__stop_words': 'english'}",RFC
0,0.7103867094792684,0.723743637536741,0.7179691653375864,0.7162162162162162,0.7162162162162162,0.7114931145066968,0.7171243824469631,"{'clf__C': 4, 'clf__solver': 'saga', 'tfidf__use_idf': False, 'vect__ngram_range': (1, 2), 'vect__stemming': True, 'vect__stop_words': 'english'}",LRC
