,precision macro average,precision weighted average,recall macro average,recall weighted average,accuracy,F1 macro average,F1 weighted average,GS Best Params,classifier
0,0.6372790495508548,0.6379398450899465,0.6526915113871635,0.6351351351351351,0.6351351351351351,0.6292776939835764,0.619791963909611,"{'clf__alpha': 0.4, 'clf__fit_prior': True, 'tfidf__use_idf': False, 'vect__ngram_range': (1, 2), 'vect__stemming': True, 'vect__stop_words': 'english'}",MNB
0,0.652300785634119,0.6487669487669488,0.656832298136646,0.6486486486486487,0.6486486486486487,0.6523829489867224,0.6465488129639073,"{'clf__C': 1, 'clf__loss': 'squared_hinge', 'tfidf__use_idf': False, 'vect__ngram_range': (1, 2), 'vect__stemming': True, 'vect__stop_words': 'english'}",LSVC
0,0.7151053013798112,0.7095801684036979,0.6899585921325052,0.6891891891891891,0.6891891891891891,0.6950574712643679,0.692362534948742,"{'clf__alpha': 0.01, 'tfidf__use_idf': False, 'vect__ngram_range': (1, 1), 'vect__stemming': True, 'vect__stop_words': 'english'}",SGDC
0,0.7413419913419913,0.7281063531063532,0.6480331262939959,0.6621621621621622,0.6621621621621622,0.6615846615846614,0.6619280403064185,"{'clf__criterion': 'gini', 'tfidf__use_idf': False, 'vect__ngram_range': (1, 1), 'vect__stemming': True, 'vect__stop_words': 'english'}",RFC
0,0.6535748202414869,0.6494543994543994,0.6542443064182194,0.6486486486486487,0.6486486486486487,0.6525046382189239,0.6477285262999548,"{'clf__C': 6, 'clf__solver': 'saga', 'tfidf__use_idf': False, 'vect__ngram_range': (1, 2), 'vect__stemming': True, 'vect__stop_words': 'english'}",LRC
