,precision macro average,precision weighted average,recall macro average,recall weighted average,accuracy,F1 macro average,F1 weighted average,GS Best Params,classifier
0,0.6805555555555555,0.6837837837837837,0.6816290928609768,0.6891891891891891,0.6891891891891891,0.679467564259486,0.6848556022362632,"{'clf__alpha': 0.4, 'clf__fit_prior': True, 'tfidf__use_idf': False, 'vect__ngram_range': (1, 1), 'vect__stemming': True, 'vect__stop_words': 'english'}",MNB
0,0.6638176638176638,0.6695541695541696,0.6696188942565754,0.6756756756756757,0.6756756756756757,0.6610875333071989,0.6672249792360238,"{'clf__C': 1, 'clf__loss': 'hinge', 'tfidf__use_idf': False, 'vect__ngram_range': (1, 2), 'vect__stemming': True, 'vect__stop_words': 'english'}",LSVC
0,0.6841491841491841,0.6888584388584388,0.6853193773483629,0.6891891891891891,0.6891891891891891,0.6841649196366176,0.6884628024250664,"{'clf__alpha': 0.01, 'tfidf__use_idf': False, 'vect__ngram_range': (1, 1), 'vect__stemming': True, 'vect__stop_words': 'english'}",SGDC
0,0.6555555555555556,0.6612612612612613,0.5986312399355876,0.5945945945945946,0.5945945945945946,0.5816010614772225,0.5819357615023248,"{'clf__criterion': 'entropy', 'tfidf__use_idf': False, 'vect__ngram_range': (1, 1), 'vect__stemming': True, 'vect__stop_words': 'english'}",RFC
0,0.6644692359702502,0.6689668877802752,0.6680756843800322,0.6756756756756757,0.6756756756756757,0.6602058319039451,0.6665639052431506,"{'clf__C': 6, 'clf__solver': 'liblinear', 'tfidf__use_idf': False, 'vect__ngram_range': (1, 2), 'vect__stemming': True, 'vect__stop_words': 'english'}",LRC
