,precision macro average,precision weighted average,recall macro average,recall weighted average,accuracy,F1 macro average,F1 weighted average,GS Best Params,classifier
0,0.7190476190476192,0.7384169884169884,0.7254480286738351,0.7297297297297297,0.7297297297297297,0.7203824424163408,0.7323725289826984,"{'clf__alpha': 0.4, 'clf__fit_prior': False, 'tfidf__use_idf': False, 'vect__ngram_range': (1, 2), 'vect__stemming': True, 'vect__stop_words': 'english'}",MNB
0,0.7644688644688644,0.7896124146124147,0.7569175627240144,0.7432432432432432,0.7432432432432432,0.7444868209170269,0.7525992812034001,"{'clf__C': 1, 'clf__loss': 'hinge', 'tfidf__use_idf': False, 'vect__ngram_range': (1, 1), 'vect__stemming': True, 'vect__stop_words': 'english'}",LSVC
0,0.7168574635241302,0.7426208026208025,0.7117084826762247,0.7027027027027027,0.7027027027027027,0.7024710120454802,0.7123285139242587,"{'clf__alpha': 0.01, 'tfidf__use_idf': False, 'vect__ngram_range': (1, 2), 'vect__stemming': True, 'vect__stop_words': 'english'}",SGDC
0,0.7943262411347517,0.8499137435307649,0.6597849462365591,0.6081081081081081,0.6081081081081081,0.6209013209013209,0.6248125748125748,"{'clf__criterion': 'entropy', 'tfidf__use_idf': False, 'vect__ngram_range': (1, 1), 'vect__stemming': True, 'vect__stop_words': 'english'}",RFC
0,0.6800236245513607,0.7034762716921638,0.6820549581839904,0.6621621621621622,0.6621621621621622,0.6637772524297347,0.6674440397844653,"{'clf__C': 4, 'clf__solver': 'newton-cg', 'tfidf__use_idf': False, 'vect__ngram_range': (1, 2), 'vect__stemming': True, 'vect__stop_words': 'english'}",LRC
