,precision macro average,precision weighted average,recall macro average,recall weighted average,accuracy,F1 macro average,F1 weighted average,GS Best Params,classifier
0,0.7380952380952381,0.7929536679536678,0.756084656084656,0.7027027027027027,0.7027027027027027,0.7040844229406282,0.6979643419348096,"{'clf__alpha': 0.4, 'clf__fit_prior': False, 'tfidf__use_idf': False, 'vect__ngram_range': (1, 1), 'vect__stemming': True, 'vect__stop_words': 'english'}",MNB
0,0.7057912457912457,0.7448402948402948,0.7253968253968255,0.7027027027027027,0.7027027027027027,0.6992248062015505,0.7069976953697884,"{'clf__C': 1, 'clf__loss': 'hinge', 'tfidf__use_idf': False, 'vect__ngram_range': (1, 1), 'vect__stemming': True, 'vect__stop_words': 'english'}",LSVC
0,0.7057912457912457,0.7448402948402948,0.7253968253968255,0.7027027027027027,0.7027027027027027,0.6992248062015505,0.7069976953697884,"{'clf__alpha': 0.01, 'tfidf__use_idf': False, 'vect__ngram_range': (1, 1), 'vect__stemming': True, 'vect__stop_words': 'english'}",SGDC
0,0.6286075036075036,0.6593980343980345,0.6566137566137566,0.6216216216216216,0.6216216216216216,0.6228666905358634,0.6180315653999865,"{'clf__criterion': 'entropy', 'tfidf__use_idf': False, 'vect__ngram_range': (1, 1), 'vect__stemming': True, 'vect__stop_words': 'english'}",RFC
0,0.6966666666666667,0.7303088803088803,0.7158730158730159,0.6891891891891891,0.6891891891891891,0.6888198757763976,0.6924206815511164,"{'clf__C': 8, 'clf__solver': 'liblinear', 'tfidf__use_idf': False, 'vect__ngram_range': (1, 1), 'vect__stemming': True, 'vect__stop_words': 'english'}",LRC
