,precision macro average,precision weighted average,recall macro average,recall weighted average,accuracy,F1 macro average,F1 weighted average,GS Best Params,classifier
0,0.8246104220616964,0.8270014255771377,0.8247619047619047,0.8243243243243243,0.8243243243243243,0.8229325732125284,0.8239666419957574,"{'clf__alpha': 1, 'clf__fit_prior': True, 'tfidf__use_idf': False, 'vect__ngram_range': (1, 1), 'vect__stemming': True, 'vect__stop_words': 'english'}",MNB
0,0.7774044205495819,0.7740694323355615,0.7601587301587301,0.7702702702702703,0.7702702702702703,0.7633520091147211,0.7672915259951448,"{'clf__C': 1, 'clf__loss': 'hinge', 'tfidf__use_idf': False, 'vect__ngram_range': (1, 2), 'vect__stemming': True, 'vect__stop_words': 'english'}",LSVC
0,0.8005439005439006,0.793999243999244,0.772063492063492,0.7837837837837838,0.7837837837837838,0.7775456266295224,0.7809147141355435,"{'clf__alpha': 0.01, 'tfidf__use_idf': False, 'vect__ngram_range': (1, 1), 'vect__stemming': True, 'vect__stop_words': 'english'}",SGDC
0,0.8142543859649122,0.8110686344238976,0.7590476190476191,0.7567567567567568,0.7567567567567568,0.7636565136565138,0.7605539902837201,"{'clf__criterion': 'gini', 'tfidf__use_idf': False, 'vect__ngram_range': (1, 1), 'vect__stemming': True, 'vect__stop_words': 'english'}",RFC
0,0.7796474358974358,0.7754028066528067,0.7601587301587301,0.7702702702702703,0.7702702702702703,0.7642995937113582,0.767725117804609,"{'clf__C': 4, 'clf__solver': 'liblinear', 'tfidf__use_idf': False, 'vect__ngram_range': (1, 1), 'vect__stemming': True, 'vect__stop_words': 'english'}",LRC
