,precision macro average,precision weighted average,recall macro average,recall weighted average,accuracy,F1 macro average,F1 weighted average,GS Best Params,classifier
0,0.7433333333333333,0.7447297297297297,0.7472951739618408,0.7432432432432432,0.7432432432432432,0.7438068517095874,0.7425564864774592,"{'clf__alpha': 0.4, 'clf__fit_prior': False, 'tfidf__use_idf': False, 'vect__ngram_range': (1, 1), 'vect__stemming': True, 'vect__stop_words': 'english'}",MNB
0,0.7356797791580401,0.7389905433383694,0.7285072951739618,0.7297297297297297,0.7297297297297297,0.7283157152924594,0.730414262042169,"{'clf__C': 1, 'clf__loss': 'hinge', 'tfidf__use_idf': False, 'vect__ngram_range': (1, 1), 'vect__stemming': True, 'vect__stop_words': 'english'}",LSVC
0,0.7936507936507936,0.8024453024453024,0.7675196408529742,0.7702702702702703,0.7702702702702703,0.7691196460156858,0.7742307818234724,"{'clf__alpha': 0.01, 'tfidf__use_idf': False, 'vect__ngram_range': (1, 1), 'vect__stemming': True, 'vect__stop_words': 'english'}",SGDC
0,0.6751228269085412,0.6803985107556536,0.5587654320987654,0.5540540540540541,0.5540540540540541,0.5393288024866972,0.5351582022990273,"{'clf__criterion': 'entropy', 'tfidf__use_idf': False, 'vect__ngram_range': (1, 1), 'vect__stemming': True, 'vect__stop_words': 'english'}",RFC
0,0.7100759144237405,0.7118655923003748,0.7028282828282828,0.7027027027027027,0.7027027027027027,0.702861169837914,0.7035346551625621,"{'clf__C': 4, 'clf__solver': 'saga', 'tfidf__use_idf': False, 'vect__ngram_range': (1, 1), 'vect__stemming': True, 'vect__stop_words': 'english'}",LRC
